2026-04-28T14:49:35.503+08:00  INFO 24022 --- [main] c.g.GoldNexusBackendApplication          : Starting GoldNexusBackendApplication using Java 25.0.2 with PID 24022 (/Users/surge/code/java/GoldNexusBackend/target/classes started by surge in /Users/surge/code/java/GoldNexusBackend)
2026-04-28T14:49:35.504+08:00  INFO 24022 --- [main] c.g.GoldNexusBackendApplication          : No active profile set, falling back to 1 default profile: "default"
2026-04-28T14:49:35.846+08:00  INFO 24022 --- [main] o.s.b.w.embedded.tomcat.TomcatWebServer  : Tomcat initialized with port 8080 (http)
2026-04-28T14:49:35.850+08:00  INFO 24022 --- [main] o.apache.catalina.core.StandardService   : Starting service [Tomcat]
2026-04-28T14:49:35.850+08:00  INFO 24022 --- [main] o.apache.catalina.core.StandardEngine    : Starting Servlet engine: [Apache Tomcat/10.1.50]
2026-04-28T14:49:35.861+08:00  INFO 24022 --- [main] o.a.c.c.C.[Tomcat].[localhost].[/]       : Initializing Spring embedded WebApplicationContext
2026-04-28T14:49:35.861+08:00  INFO 24022 --- [main] w.s.c.ServletWebServerApplicationContext : Root WebApplicationContext: initialization completed in 344 ms
2026-04-28T14:49:36.064+08:00  INFO 24022 --- [main] r$InitializeUserDetailsManagerConfigurer : Global AuthenticationManager configured with UserDetailsService bean with name userService
2026-04-28T14:49:36.164+08:00  INFO 24022 --- [main] o.s.b.w.embedded.tomcat.TomcatWebServer  : Tomcat started on port 8080 (http) with context path '/'
2026-04-28T14:49:36.167+08:00  INFO 24022 --- [main] c.g.GoldNexusBackendApplication          : Started GoldNexusBackendApplication in 0.838 seconds (process running for 1.038)
2026-04-28T14:50:44.890+08:00  INFO 24022 --- [SpringApplicationShutdownHook] o.s.b.w.e.tomcat.GracefulShutdown        : Commencing graceful shutdown. Waiting for active requests to complete
2026-04-28T14:50:44.894+08:00  INFO 24022 --- [tomcat-shutdown] o.s.b.w.e.tomcat.GracefulShutdown        : Graceful shutdown complete
2026-04-28T14:50:50.189+08:00  INFO 24515 --- [main] c.g.GoldNexusBackendApplication          : Starting GoldNexusBackendApplication using Java 25.0.2 with PID 24515 (/Users/surge/code/java/GoldNexusBackend/target/classes started by surge in /Users/surge/code/java/GoldNexusBackend)
2026-04-28T14:50:50.190+08:00  INFO 24515 --- [main] c.g.GoldNexusBackendApplication          : No active profile set, falling back to 1 default profile: "default"
2026-04-28T14:50:50.523+08:00  INFO 24515 --- [main] o.s.b.w.embedded.tomcat.TomcatWebServer  : Tomcat initialized with port 8080 (http)
2026-04-28T14:50:50.528+08:00  INFO 24515 --- [main] o.apache.catalina.core.StandardService   : Starting service [Tomcat]
2026-04-28T14:50:50.528+08:00  INFO 24515 --- [main] o.apache.catalina.core.StandardEngine    : Starting Servlet engine: [Apache Tomcat/10.1.50]
2026-04-28T14:50:50.539+08:00  INFO 24515 --- [main] o.a.c.c.C.[Tomcat].[localhost].[/]       : Initializing Spring embedded WebApplicationContext
2026-04-28T14:50:50.539+08:00  INFO 24515 --- [main] w.s.c.ServletWebServerApplicationContext : Root WebApplicationContext: initialization completed in 336 ms
2026-04-28T14:50:50.732+08:00  INFO 24515 --- [main] r$InitializeUserDetailsManagerConfigurer : Global AuthenticationManager configured with UserDetailsService bean with name userService
2026-04-28T14:50:50.820+08:00  INFO 24515 --- [main] o.s.b.w.embedded.tomcat.TomcatWebServer  : Tomcat started on port 8080 (http) with context path '/'
2026-04-28T14:50:50.824+08:00  INFO 24515 --- [main] c.g.GoldNexusBackendApplication          : Started GoldNexusBackendApplication in 0.787 seconds (process running for 0.939)
2026-04-28T14:51:46.936+08:00  INFO 24515 --- [http-nio-8080-exec-1] o.a.c.c.C.[Tomcat].[localhost].[/]       : Initializing Spring DispatcherServlet 'dispatcherServlet'
2026-04-28T14:51:46.937+08:00  INFO 24515 --- [http-nio-8080-exec-1] o.s.web.servlet.DispatcherServlet        : Initializing Servlet 'dispatcherServlet'
2026-04-28T14:51:46.938+08:00  INFO 24515 --- [http-nio-8080-exec-1] o.s.web.servlet.DispatcherServlet        : Completed initialization in 1 ms
2026-04-28T14:51:46.988+08:00  INFO 24515 --- [http-nio-8080-exec-1] com.zaxxer.hikari.HikariDataSource       : HikariPool-1 - Starting...
2026-04-28T14:51:47.099+08:00  INFO 24515 --- [http-nio-8080-exec-1] com.zaxxer.hikari.pool.HikariPool        : HikariPool-1 - Added connection com.mysql.cj.jdbc.ConnectionImpl@44bec27c
2026-04-28T14:51:47.100+08:00  INFO 24515 --- [http-nio-8080-exec-1] com.zaxxer.hikari.HikariDataSource       : HikariPool-1 - Start completed.
2026-04-28T14:51:47.102+08:00  INFO 24515 --- [http-nio-8080-exec-1] c.goldnexusbackend.service.UserService   : 用户进行登录请求
2026-04-28T14:51:47.181+08:00  INFO 24515 --- [http-nio-8080-exec-1] c.goldnexusbackend.service.UserService   : 登录成功
2026-04-28T14:52:08.504+08:00  INFO 24515 --- [http-nio-8080-exec-4] c.g.filter.JwtAuthenticationFilter       : 当前请求用户--权限： USER id: 1
2026-04-28T14:52:08.587+08:00 ERROR 24515 --- [http-nio-8080-exec-4] i.n.r.d.DnsServerAddressStreamProviders  : Unable to load io.netty.resolver.dns.macos.MacOSDnsServerAddressStreamProvider, fallback to system defaults. This may result in incorrect DNS resolutions on MacOS. Check whether you have a dependency on 'io.netty:netty-resolver-dns-native-macos'. Use DEBUG level to see the full stack: java.lang.UnsatisfiedLinkError: failed to load the required native library
2026-04-28T14:52:09.805+08:00  INFO 24515 --- [http-nio-8080-exec-3] c.g.config.SecurityConfiguration         : 已拦截未登录请求
2026-04-28T14:52:09.806+08:00  INFO 24515 --- [http-nio-8080-exec-3] c.g.config.SecurityConfiguration         : Full authentication is required to access this resource
2026-04-28T14:53:23.081+08:00  INFO 24515 --- [SpringApplicationShutdownHook] o.s.b.w.e.tomcat.GracefulShutdown        : Commencing graceful shutdown. Waiting for active requests to complete
2026-04-28T14:53:23.083+08:00  INFO 24515 --- [tomcat-shutdown] o.s.b.w.e.tomcat.GracefulShutdown        : Graceful shutdown complete
2026-04-28T14:53:25.161+08:00  INFO 24515 --- [SpringApplicationShutdownHook] com.zaxxer.hikari.HikariDataSource       : HikariPool-1 - Shutdown initiated...
2026-04-28T14:53:25.165+08:00  INFO 24515 --- [SpringApplicationShutdownHook] com.zaxxer.hikari.HikariDataSource       : HikariPool-1 - Shutdown completed.
2026-04-28T14:54:14.297+08:00  INFO 24551 --- [main] c.g.GoldNexusBackendApplication          : Starting GoldNexusBackendApplication using Java 25.0.2 with PID 24551 (/Users/surge/code/java/GoldNexusBackend/target/classes started by surge in /Users/surge/code/java/GoldNexusBackend)
2026-04-28T14:54:14.297+08:00  INFO 24551 --- [main] c.g.GoldNexusBackendApplication          : No active profile set, falling back to 1 default profile: "default"
2026-04-28T14:54:14.638+08:00  INFO 24551 --- [main] o.s.b.w.embedded.tomcat.TomcatWebServer  : Tomcat initialized with port 8080 (http)
2026-04-28T14:54:14.642+08:00  INFO 24551 --- [main] o.apache.catalina.core.StandardService   : Starting service [Tomcat]
2026-04-28T14:54:14.642+08:00  INFO 24551 --- [main] o.apache.catalina.core.StandardEngine    : Starting Servlet engine: [Apache Tomcat/10.1.50]
2026-04-28T14:54:14.654+08:00  INFO 24551 --- [main] o.a.c.c.C.[Tomcat].[localhost].[/]       : Initializing Spring embedded WebApplicationContext
2026-04-28T14:54:14.654+08:00  INFO 24551 --- [main] w.s.c.ServletWebServerApplicationContext : Root WebApplicationContext: initialization completed in 343 ms
2026-04-28T14:54:14.843+08:00  INFO 24551 --- [main] r$InitializeUserDetailsManagerConfigurer : Global AuthenticationManager configured with UserDetailsService bean with name userService
2026-04-28T14:54:14.934+08:00  INFO 24551 --- [main] o.s.b.w.embedded.tomcat.TomcatWebServer  : Tomcat started on port 8080 (http) with context path '/'
2026-04-28T14:54:14.938+08:00  INFO 24551 --- [main] c.g.GoldNexusBackendApplication          : Started GoldNexusBackendApplication in 0.783 seconds (process running for 0.941)
2026-04-28T14:55:13.364+08:00  INFO 24551 --- [SpringApplicationShutdownHook] o.s.b.w.e.tomcat.GracefulShutdown        : Commencing graceful shutdown. Waiting for active requests to complete
2026-04-28T14:55:13.367+08:00  INFO 24551 --- [tomcat-shutdown] o.s.b.w.e.tomcat.GracefulShutdown        : Graceful shutdown complete
2026-04-28T14:58:02.314+08:00  INFO 24593 --- [main] c.g.GoldNexusBackendApplication          : Starting GoldNexusBackendApplication using Java 25.0.2 with PID 24593 (/Users/surge/code/java/GoldNexusBackend/target/classes started by surge in /Users/surge/code/java/GoldNexusBackend)
2026-04-28T14:58:02.314+08:00  INFO 24593 --- [main] c.g.GoldNexusBackendApplication          : No active profile set, falling back to 1 default profile: "default"
2026-04-28T14:58:02.660+08:00  INFO 24593 --- [main] o.s.b.w.embedded.tomcat.TomcatWebServer  : Tomcat initialized with port 8080 (http)
2026-04-28T14:58:02.664+08:00  INFO 24593 --- [main] o.apache.catalina.core.StandardService   : Starting service [Tomcat]
2026-04-28T14:58:02.664+08:00  INFO 24593 --- [main] o.apache.catalina.core.StandardEngine    : Starting Servlet engine: [Apache Tomcat/10.1.50]
2026-04-28T14:58:02.675+08:00  INFO 24593 --- [main] o.a.c.c.C.[Tomcat].[localhost].[/]       : Initializing Spring embedded WebApplicationContext
2026-04-28T14:58:02.675+08:00  INFO 24593 --- [main] w.s.c.ServletWebServerApplicationContext : Root WebApplicationContext: initialization completed in 349 ms
2026-04-28T14:58:02.878+08:00  INFO 24593 --- [main] r$InitializeUserDetailsManagerConfigurer : Global AuthenticationManager configured with UserDetailsService bean with name userService
2026-04-28T14:58:02.966+08:00  INFO 24593 --- [main] o.s.b.w.embedded.tomcat.TomcatWebServer  : Tomcat started on port 8080 (http) with context path '/'
2026-04-28T14:58:02.971+08:00  INFO 24593 --- [main] c.g.GoldNexusBackendApplication          : Started GoldNexusBackendApplication in 0.813 seconds (process running for 0.994)
2026-04-28T14:58:04.953+08:00  INFO 24593 --- [http-nio-8080-exec-1] o.a.c.c.C.[Tomcat].[localhost].[/]       : Initializing Spring DispatcherServlet 'dispatcherServlet'
2026-04-28T14:58:04.953+08:00  INFO 24593 --- [http-nio-8080-exec-1] o.s.web.servlet.DispatcherServlet        : Initializing Servlet 'dispatcherServlet'
2026-04-28T14:58:04.954+08:00  INFO 24593 --- [http-nio-8080-exec-1] o.s.web.servlet.DispatcherServlet        : Completed initialization in 1 ms
2026-04-28T14:58:04.989+08:00  INFO 24593 --- [http-nio-8080-exec-1] c.g.filter.JwtAuthenticationFilter       : 当前请求用户--权限： USER id: 1
2026-04-28T14:58:05.081+08:00 ERROR 24593 --- [http-nio-8080-exec-1] i.n.r.d.DnsServerAddressStreamProviders  : Unable to load io.netty.resolver.dns.macos.MacOSDnsServerAddressStreamProvider, fallback to system defaults. This may result in incorrect DNS resolutions on MacOS. Check whether you have a dependency on 'io.netty:netty-resolver-dns-native-macos'. Use DEBUG level to see the full stack: java.lang.UnsatisfiedLinkError: failed to load the required native library
2026-04-28T14:58:06.426+08:00  INFO 24593 --- [http-nio-8080-exec-3] c.g.config.SecurityConfiguration         : 已拦截未登录请求
2026-04-28T14:58:06.427+08:00  INFO 24593 --- [http-nio-8080-exec-3] c.g.config.SecurityConfiguration         : Full authentication is required to access this resource
2026-04-28T14:59:19.750+08:00  INFO 24593 --- [SpringApplicationShutdownHook] o.s.b.w.e.tomcat.GracefulShutdown        : Commencing graceful shutdown. Waiting for active requests to complete
2026-04-28T14:59:19.752+08:00  INFO 24593 --- [tomcat-shutdown] o.s.b.w.e.tomcat.GracefulShutdown        : Graceful shutdown complete
2026-04-28T14:59:40.494+08:00  INFO 24624 --- [main] c.g.GoldNexusBackendApplication          : Starting GoldNexusBackendApplication using Java 25.0.2 with PID 24624 (/Users/surge/code/java/GoldNexusBackend/target/classes started by surge in /Users/surge/code/java/GoldNexusBackend)
2026-04-28T14:59:40.494+08:00  INFO 24624 --- [main] c.g.GoldNexusBackendApplication          : No active profile set, falling back to 1 default profile: "default"
2026-04-28T14:59:40.807+08:00  INFO 24624 --- [main] o.s.b.w.embedded.tomcat.TomcatWebServer  : Tomcat initialized with port 8080 (http)
2026-04-28T14:59:40.811+08:00  INFO 24624 --- [main] o.apache.catalina.core.StandardService   : Starting service [Tomcat]
2026-04-28T14:59:40.811+08:00  INFO 24624 --- [main] o.apache.catalina.core.StandardEngine    : Starting Servlet engine: [Apache Tomcat/10.1.50]
2026-04-28T14:59:40.821+08:00  INFO 24624 --- [main] o.a.c.c.C.[Tomcat].[localhost].[/]       : Initializing Spring embedded WebApplicationContext
2026-04-28T14:59:40.821+08:00  INFO 24624 --- [main] w.s.c.ServletWebServerApplicationContext : Root WebApplicationContext: initialization completed in 314 ms
2026-04-28T14:59:41.010+08:00  INFO 24624 --- [main] r$InitializeUserDetailsManagerConfigurer : Global AuthenticationManager configured with UserDetailsService bean with name userService
2026-04-28T14:59:41.098+08:00  INFO 24624 --- [main] o.s.b.w.embedded.tomcat.TomcatWebServer  : Tomcat started on port 8080 (http) with context path '/'
2026-04-28T14:59:41.104+08:00  INFO 24624 --- [main] c.g.GoldNexusBackendApplication          : Started GoldNexusBackendApplication in 0.777 seconds (process running for 0.96)
2026-04-28T14:59:45.028+08:00  INFO 24624 --- [http-nio-8080-exec-2] o.a.c.c.C.[Tomcat].[localhost].[/]       : Initializing Spring DispatcherServlet 'dispatcherServlet'
2026-04-28T14:59:45.028+08:00  INFO 24624 --- [http-nio-8080-exec-2] o.s.web.servlet.DispatcherServlet        : Initializing Servlet 'dispatcherServlet'
2026-04-28T14:59:45.029+08:00  INFO 24624 --- [http-nio-8080-exec-2] o.s.web.servlet.DispatcherServlet        : Completed initialization in 1 ms
2026-04-28T14:59:45.065+08:00  INFO 24624 --- [http-nio-8080-exec-2] c.g.filter.JwtAuthenticationFilter       : 当前请求用户--权限： USER id: 1
2026-04-28T14:59:48.089+08:00  INFO 24624 --- [http-nio-8080-exec-3] c.g.config.SecurityConfiguration         : 已拦截未登录请求
2026-04-28T14:59:48.089+08:00  INFO 24624 --- [http-nio-8080-exec-3] c.g.config.SecurityConfiguration         : Full authentication is required to access this resource
2026-04-28T15:01:29.442+08:00  INFO 24624 --- [SpringApplicationShutdownHook] o.s.b.w.e.tomcat.GracefulShutdown        : Commencing graceful shutdown. Waiting for active requests to complete
2026-04-28T15:01:29.445+08:00  INFO 24624 --- [tomcat-shutdown] o.s.b.w.e.tomcat.GracefulShutdown        : Graceful shutdown complete
2026-04-28T15:02:29.682+08:00  INFO 25139 --- [main] c.g.GoldNexusBackendApplication          : Starting GoldNexusBackendApplication using Java 25.0.2 with PID 25139 (/Users/surge/code/java/GoldNexusBackend/target/classes started by surge in /Users/surge/code/java/GoldNexusBackend)
2026-04-28T15:02:29.683+08:00  INFO 25139 --- [main] c.g.GoldNexusBackendApplication          : No active profile set, falling back to 1 default profile: "default"
2026-04-28T15:02:30.010+08:00  INFO 25139 --- [main] o.s.b.w.embedded.tomcat.TomcatWebServer  : Tomcat initialized with port 8080 (http)
2026-04-28T15:02:30.014+08:00  INFO 25139 --- [main] o.apache.catalina.core.StandardService   : Starting service [Tomcat]
2026-04-28T15:02:30.015+08:00  INFO 25139 --- [main] o.apache.catalina.core.StandardEngine    : Starting Servlet engine: [Apache Tomcat/10.1.50]
2026-04-28T15:02:30.025+08:00  INFO 25139 --- [main] o.a.c.c.C.[Tomcat].[localhost].[/]       : Initializing Spring embedded WebApplicationContext
2026-04-28T15:02:30.026+08:00  INFO 25139 --- [main] w.s.c.ServletWebServerApplicationContext : Root WebApplicationContext: initialization completed in 327 ms
2026-04-28T15:02:30.221+08:00  INFO 25139 --- [main] r$InitializeUserDetailsManagerConfigurer : Global AuthenticationManager configured with UserDetailsService bean with name userService
2026-04-28T15:02:30.321+08:00  INFO 25139 --- [main] o.s.b.w.embedded.tomcat.TomcatWebServer  : Tomcat started on port 8080 (http) with context path '/'
2026-04-28T15:02:30.324+08:00  INFO 25139 --- [main] c.g.GoldNexusBackendApplication          : Started GoldNexusBackendApplication in 0.798 seconds (process running for 0.979)
2026-04-28T15:02:33.692+08:00  INFO 25139 --- [http-nio-8080-exec-1] o.a.c.c.C.[Tomcat].[localhost].[/]       : Initializing Spring DispatcherServlet 'dispatcherServlet'
2026-04-28T15:02:33.692+08:00  INFO 25139 --- [http-nio-8080-exec-1] o.s.web.servlet.DispatcherServlet        : Initializing Servlet 'dispatcherServlet'
2026-04-28T15:02:33.694+08:00  INFO 25139 --- [http-nio-8080-exec-1] o.s.web.servlet.DispatcherServlet        : Completed initialization in 1 ms
2026-04-28T15:02:33.730+08:00  INFO 25139 --- [http-nio-8080-exec-1] c.g.filter.JwtAuthenticationFilter       : 当前请求用户--权限： USER id: 1
2026-04-28T15:02:35.738+08:00  INFO 25139 --- [http-nio-8080-exec-3] c.g.config.SecurityConfiguration         : 已拦截未登录请求
2026-04-28T15:02:35.739+08:00  INFO 25139 --- [http-nio-8080-exec-3] c.g.config.SecurityConfiguration         : Full authentication is required to access this resource
2026-04-28T15:05:06.981+08:00  INFO 25139 --- [SpringApplicationShutdownHook] o.s.b.w.e.tomcat.GracefulShutdown        : Commencing graceful shutdown. Waiting for active requests to complete
2026-04-28T15:05:06.983+08:00  INFO 25139 --- [tomcat-shutdown] o.s.b.w.e.tomcat.GracefulShutdown        : Graceful shutdown complete
2026-04-28T15:07:11.631+08:00  INFO 25205 --- [main] c.g.GoldNexusBackendApplication          : Starting GoldNexusBackendApplication using Java 25.0.2 with PID 25205 (/Users/surge/code/java/GoldNexusBackend/target/classes started by surge in /Users/surge/code/java/GoldNexusBackend)
2026-04-28T15:07:11.632+08:00  INFO 25205 --- [main] c.g.GoldNexusBackendApplication          : No active profile set, falling back to 1 default profile: "default"
2026-04-28T15:07:11.975+08:00  INFO 25205 --- [main] o.s.b.w.embedded.tomcat.TomcatWebServer  : Tomcat initialized with port 8080 (http)
2026-04-28T15:07:11.980+08:00  INFO 25205 --- [main] o.apache.catalina.core.StandardService   : Starting service [Tomcat]
2026-04-28T15:07:11.980+08:00  INFO 25205 --- [main] o.apache.catalina.core.StandardEngine    : Starting Servlet engine: [Apache Tomcat/10.1.50]
2026-04-28T15:07:11.995+08:00  INFO 25205 --- [main] o.a.c.c.C.[Tomcat].[localhost].[/]       : Initializing Spring embedded WebApplicationContext
2026-04-28T15:07:11.995+08:00  INFO 25205 --- [main] w.s.c.ServletWebServerApplicationContext : Root WebApplicationContext: initialization completed in 352 ms
2026-04-28T15:07:12.209+08:00  INFO 25205 --- [main] r$InitializeUserDetailsManagerConfigurer : Global AuthenticationManager configured with UserDetailsService bean with name userService
2026-04-28T15:07:12.301+08:00  INFO 25205 --- [main] o.s.b.w.embedded.tomcat.TomcatWebServer  : Tomcat started on port 8080 (http) with context path '/'
2026-04-28T15:07:12.305+08:00  INFO 25205 --- [main] c.g.GoldNexusBackendApplication          : Started GoldNexusBackendApplication in 0.832 seconds (process running for 1.013)
2026-04-28T15:11:30.673+08:00  INFO 25205 --- [SpringApplicationShutdownHook] o.s.b.w.e.tomcat.GracefulShutdown        : Commencing graceful shutdown. Waiting for active requests to complete
2026-04-28T15:11:30.677+08:00  INFO 25205 --- [tomcat-shutdown] o.s.b.w.e.tomcat.GracefulShutdown        : Graceful shutdown complete
2026-04-28T15:11:59.024+08:00  INFO 25268 --- [main] c.g.GoldNexusBackendApplication          : Starting GoldNexusBackendApplication using Java 25.0.2 with PID 25268 (/Users/surge/code/java/GoldNexusBackend/target/classes started by surge in /Users/surge/code/java/GoldNexusBackend)
2026-04-28T15:11:59.025+08:00  INFO 25268 --- [main] c.g.GoldNexusBackendApplication          : No active profile set, falling back to 1 default profile: "default"
2026-04-28T15:11:59.357+08:00  INFO 25268 --- [main] o.s.b.w.embedded.tomcat.TomcatWebServer  : Tomcat initialized with port 8080 (http)
2026-04-28T15:11:59.361+08:00  INFO 25268 --- [main] o.apache.catalina.core.StandardService   : Starting service [Tomcat]
2026-04-28T15:11:59.361+08:00  INFO 25268 --- [main] o.apache.catalina.core.StandardEngine    : Starting Servlet engine: [Apache Tomcat/10.1.50]
2026-04-28T15:11:59.372+08:00  INFO 25268 --- [main] o.a.c.c.C.[Tomcat].[localhost].[/]       : Initializing Spring embedded WebApplicationContext
2026-04-28T15:11:59.372+08:00  INFO 25268 --- [main] w.s.c.ServletWebServerApplicationContext : Root WebApplicationContext: initialization completed in 332 ms
2026-04-28T15:11:59.571+08:00  INFO 25268 --- [main] r$InitializeUserDetailsManagerConfigurer : Global AuthenticationManager configured with UserDetailsService bean with name userService
2026-04-28T15:11:59.658+08:00  INFO 25268 --- [main] o.s.b.w.embedded.tomcat.TomcatWebServer  : Tomcat started on port 8080 (http) with context path '/'
2026-04-28T15:11:59.661+08:00  INFO 25268 --- [main] c.g.GoldNexusBackendApplication          : Started GoldNexusBackendApplication in 0.784 seconds (process running for 0.94)
2026-04-28T15:12:04.806+08:00  INFO 25268 --- [http-nio-8080-exec-1] o.a.c.c.C.[Tomcat].[localhost].[/]       : Initializing Spring DispatcherServlet 'dispatcherServlet'
2026-04-28T15:12:04.806+08:00  INFO 25268 --- [http-nio-8080-exec-1] o.s.web.servlet.DispatcherServlet        : Initializing Servlet 'dispatcherServlet'
2026-04-28T15:12:04.807+08:00  INFO 25268 --- [http-nio-8080-exec-1] o.s.web.servlet.DispatcherServlet        : Completed initialization in 1 ms
2026-04-28T15:12:04.843+08:00  INFO 25268 --- [http-nio-8080-exec-1] c.g.filter.JwtAuthenticationFilter       : 当前请求用户--权限： USER id: 1
2026-04-28T15:12:04.938+08:00 ERROR 25268 --- [http-nio-8080-exec-1] i.n.r.d.DnsServerAddressStreamProviders  : Unable to load io.netty.resolver.dns.macos.MacOSDnsServerAddressStreamProvider, fallback to system defaults. This may result in incorrect DNS resolutions on MacOS. Check whether you have a dependency on 'io.netty:netty-resolver-dns-native-macos'. Use DEBUG level to see the full stack: java.lang.UnsatisfiedLinkError: failed to load the required native library
2026-04-28T15:12:08.221+08:00  INFO 25268 --- [http-nio-8080-exec-3] c.g.config.SecurityConfiguration         : 已拦截未登录请求
2026-04-28T15:12:08.221+08:00  INFO 25268 --- [http-nio-8080-exec-3] c.g.config.SecurityConfiguration         : Full authentication is required to access this resource
2026-04-28T15:13:11.913+08:00  INFO 25268 --- [SpringApplicationShutdownHook] o.s.b.w.e.tomcat.GracefulShutdown        : Commencing graceful shutdown. Waiting for active requests to complete
2026-04-28T15:13:11.916+08:00  INFO 25268 --- [tomcat-shutdown] o.s.b.w.e.tomcat.GracefulShutdown        : Graceful shutdown complete
2026-04-28T15:14:50.069+08:00  INFO 25302 --- [main] c.g.GoldNexusBackendApplication          : Starting GoldNexusBackendApplication using Java 25.0.2 with PID 25302 (/Users/surge/code/java/GoldNexusBackend/target/classes started by surge in /Users/surge/code/java/GoldNexusBackend)
2026-04-28T15:14:50.070+08:00  INFO 25302 --- [main] c.g.GoldNexusBackendApplication          : No active profile set, falling back to 1 default profile: "default"
2026-04-28T15:14:50.398+08:00  INFO 25302 --- [main] o.s.b.w.embedded.tomcat.TomcatWebServer  : Tomcat initialized with port 8080 (http)
2026-04-28T15:14:50.402+08:00  INFO 25302 --- [main] o.apache.catalina.core.StandardService   : Starting service [Tomcat]
2026-04-28T15:14:50.402+08:00  INFO 25302 --- [main] o.apache.catalina.core.StandardEngine    : Starting Servlet engine: [Apache Tomcat/10.1.50]
2026-04-28T15:14:50.412+08:00  INFO 25302 --- [main] o.a.c.c.C.[Tomcat].[localhost].[/]       : Initializing Spring embedded WebApplicationContext
2026-04-28T15:14:50.413+08:00  INFO 25302 --- [main] w.s.c.ServletWebServerApplicationContext : Root WebApplicationContext: initialization completed in 330 ms
2026-04-28T15:14:50.610+08:00  INFO 25302 --- [main] r$InitializeUserDetailsManagerConfigurer : Global AuthenticationManager configured with UserDetailsService bean with name userService
2026-04-28T15:14:50.701+08:00  INFO 25302 --- [main] o.s.b.w.embedded.tomcat.TomcatWebServer  : Tomcat started on port 8080 (http) with context path '/'
2026-04-28T15:14:50.706+08:00  INFO 25302 --- [main] c.g.GoldNexusBackendApplication          : Started GoldNexusBackendApplication in 0.791 seconds (process running for 0.938)
2026-04-28T15:14:53.927+08:00  INFO 25302 --- [http-nio-8080-exec-2] o.a.c.c.C.[Tomcat].[localhost].[/]       : Initializing Spring DispatcherServlet 'dispatcherServlet'
2026-04-28T15:14:53.927+08:00  INFO 25302 --- [http-nio-8080-exec-2] o.s.web.servlet.DispatcherServlet        : Initializing Servlet 'dispatcherServlet'
2026-04-28T15:14:53.928+08:00  INFO 25302 --- [http-nio-8080-exec-2] o.s.web.servlet.DispatcherServlet        : Completed initialization in 1 ms
2026-04-28T15:14:53.964+08:00  INFO 25302 --- [http-nio-8080-exec-2] c.g.filter.JwtAuthenticationFilter       : 当前请求用户--权限： USER id: 1
2026-04-28T15:15:26.057+08:00  INFO 25302 --- [http-nio-8080-exec-3] c.g.config.SecurityConfiguration         : 已拦截未登录请求
2026-04-28T15:15:26.057+08:00  INFO 25302 --- [http-nio-8080-exec-3] c.g.config.SecurityConfiguration         : Full authentication is required to access this resource
2026-04-28T15:15:50.475+08:00  INFO 25302 --- [http-nio-8080-exec-4] c.g.filter.JwtAuthenticationFilter       : 当前请求用户--权限： USER id: 1
2026-04-28T15:15:51.766+08:00  INFO 25302 --- [http-nio-8080-exec-5] c.g.config.SecurityConfiguration         : 已拦截未登录请求
2026-04-28T15:15:51.766+08:00  INFO 25302 --- [http-nio-8080-exec-5] c.g.config.SecurityConfiguration         : Full authentication is required to access this resource
2026-04-28T15:15:59.963+08:00  INFO 25302 --- [SpringApplicationShutdownHook] o.s.b.w.e.tomcat.GracefulShutdown        : Commencing graceful shutdown. Waiting for active requests to complete
2026-04-28T15:15:59.965+08:00  INFO 25302 --- [tomcat-shutdown] o.s.b.w.e.tomcat.GracefulShutdown        : Graceful shutdown complete
2026-04-28T15:23:38.683+08:00  INFO 25542 --- [main] c.g.GoldNexusBackendApplication          : Starting GoldNexusBackendApplication using Java 25.0.2 with PID 25542 (/Users/surge/code/java/GoldNexusBackend/target/classes started by surge in /Users/surge/code/java/GoldNexusBackend)
2026-04-28T15:23:38.683+08:00  INFO 25542 --- [main] c.g.GoldNexusBackendApplication          : No active profile set, falling back to 1 default profile: "default"
2026-04-28T15:23:39.030+08:00  INFO 25542 --- [main] o.s.b.w.embedded.tomcat.TomcatWebServer  : Tomcat initialized with port 8080 (http)
2026-04-28T15:23:39.034+08:00  INFO 25542 --- [main] o.apache.catalina.core.StandardService   : Starting service [Tomcat]
2026-04-28T15:23:39.034+08:00  INFO 25542 --- [main] o.apache.catalina.core.StandardEngine    : Starting Servlet engine: [Apache Tomcat/10.1.50]
2026-04-28T15:23:39.045+08:00  INFO 25542 --- [main] o.a.c.c.C.[Tomcat].[localhost].[/]       : Initializing Spring embedded WebApplicationContext
2026-04-28T15:23:39.045+08:00  INFO 25542 --- [main] w.s.c.ServletWebServerApplicationContext : Root WebApplicationContext: initialization completed in 349 ms
2026-04-28T15:23:39.198+08:00  INFO 25542 --- [main] r$InitializeUserDetailsManagerConfigurer : Global AuthenticationManager configured with UserDetailsService bean with name userService
2026-04-28T15:23:39.297+08:00  INFO 25542 --- [main] o.s.b.w.embedded.tomcat.TomcatWebServer  : Tomcat started on port 8080 (http) with context path '/'
2026-04-28T15:23:39.300+08:00  INFO 25542 --- [main] c.g.GoldNexusBackendApplication          : Started GoldNexusBackendApplication in 0.769 seconds (process running for 0.929)
2026-04-28T15:23:57.983+08:00  INFO 25542 --- [SpringApplicationShutdownHook] o.s.b.w.e.tomcat.GracefulShutdown        : Commencing graceful shutdown. Waiting for active requests to complete
2026-04-28T15:23:57.987+08:00  INFO 25542 --- [tomcat-shutdown] o.s.b.w.e.tomcat.GracefulShutdown        : Graceful shutdown complete
2026-04-28T15:24:06.855+08:00  INFO 25566 --- [main] c.g.GoldNexusBackendApplication          : Starting GoldNexusBackendApplication using Java 25.0.2 with PID 25566 (/Users/surge/code/java/GoldNexusBackend/target/classes started by surge in /Users/surge/code/java/GoldNexusBackend)
2026-04-28T15:24:06.855+08:00  INFO 25566 --- [main] c.g.GoldNexusBackendApplication          : No active profile set, falling back to 1 default profile: "default"
2026-04-28T15:24:07.125+08:00  INFO 25566 --- [main] o.s.b.w.embedded.tomcat.TomcatWebServer  : Tomcat initialized with port 8080 (http)
2026-04-28T15:24:07.129+08:00  INFO 25566 --- [main] o.apache.catalina.core.StandardService   : Starting service [Tomcat]
2026-04-28T15:24:07.129+08:00  INFO 25566 --- [main] o.apache.catalina.core.StandardEngine    : Starting Servlet engine: [Apache Tomcat/10.1.50]
2026-04-28T15:24:07.138+08:00  INFO 25566 --- [main] o.a.c.c.C.[Tomcat].[localhost].[/]       : Initializing Spring embedded WebApplicationContext
2026-04-28T15:24:07.138+08:00  INFO 25566 --- [main] w.s.c.ServletWebServerApplicationContext : Root WebApplicationContext: initialization completed in 271 ms
2026-04-28T15:24:07.279+08:00  INFO 25566 --- [main] r$InitializeUserDetailsManagerConfigurer : Global AuthenticationManager configured with UserDetailsService bean with name userService
2026-04-28T15:24:07.354+08:00  INFO 25566 --- [main] o.s.b.w.embedded.tomcat.TomcatWebServer  : Tomcat started on port 8080 (http) with context path '/'
2026-04-28T15:24:07.359+08:00  INFO 25566 --- [main] c.g.GoldNexusBackendApplication          : Started GoldNexusBackendApplication in 0.641 seconds (process running for 0.8)
2026-04-28T15:24:15.449+08:00  INFO 25566 --- [http-nio-8080-exec-1] o.a.c.c.C.[Tomcat].[localhost].[/]       : Initializing Spring DispatcherServlet 'dispatcherServlet'
2026-04-28T15:24:15.449+08:00  INFO 25566 --- [http-nio-8080-exec-1] o.s.web.servlet.DispatcherServlet        : Initializing Servlet 'dispatcherServlet'
2026-04-28T15:24:15.450+08:00  INFO 25566 --- [http-nio-8080-exec-1] o.s.web.servlet.DispatcherServlet        : Completed initialization in 1 ms
2026-04-28T15:24:15.483+08:00  INFO 25566 --- [http-nio-8080-exec-1] c.g.filter.JwtAuthenticationFilter       : 当前请求用户--权限： USER id: 1
2026-04-28T15:24:23.566+08:00  INFO 25566 --- [SpringApplicationShutdownHook] o.s.b.w.e.tomcat.GracefulShutdown        : Commencing graceful shutdown. Waiting for active requests to complete
2026-04-28T15:24:23.572+08:00  INFO 25566 --- [tomcat-shutdown] o.s.b.w.e.tomcat.GracefulShutdown        : Graceful shutdown complete
2026-04-28T15:25:15.563+08:00  INFO 25589 --- [main] c.g.GoldNexusBackendApplication          : Starting GoldNexusBackendApplication using Java 25.0.2 with PID 25589 (/Users/surge/code/java/GoldNexusBackend/target/classes started by surge in /Users/surge/code/java/GoldNexusBackend)
2026-04-28T15:25:15.563+08:00  INFO 25589 --- [main] c.g.GoldNexusBackendApplication          : No active profile set, falling back to 1 default profile: "default"
2026-04-28T15:25:15.866+08:00  INFO 25589 --- [main] o.s.b.w.embedded.tomcat.TomcatWebServer  : Tomcat initialized with port 8080 (http)
2026-04-28T15:25:15.870+08:00  INFO 25589 --- [main] o.apache.catalina.core.StandardService   : Starting service [Tomcat]
2026-04-28T15:25:15.870+08:00  INFO 25589 --- [main] o.apache.catalina.core.StandardEngine    : Starting Servlet engine: [Apache Tomcat/10.1.50]
2026-04-28T15:25:15.881+08:00  INFO 25589 --- [main] o.a.c.c.C.[Tomcat].[localhost].[/]       : Initializing Spring embedded WebApplicationContext
2026-04-28T15:25:15.881+08:00  INFO 25589 --- [main] w.s.c.ServletWebServerApplicationContext : Root WebApplicationContext: initialization completed in 305 ms
2026-04-28T15:25:16.034+08:00  INFO 25589 --- [main] r$InitializeUserDetailsManagerConfigurer : Global AuthenticationManager configured with UserDetailsService bean with name userService
2026-04-28T15:25:16.120+08:00  INFO 25589 --- [main] o.s.b.w.embedded.tomcat.TomcatWebServer  : Tomcat started on port 8080 (http) with context path '/'
2026-04-28T15:25:16.124+08:00  INFO 25589 --- [main] c.g.GoldNexusBackendApplication          : Started GoldNexusBackendApplication in 0.721 seconds (process running for 0.876)
2026-04-28T15:25:20.253+08:00  INFO 25589 --- [http-nio-8080-exec-1] o.a.c.c.C.[Tomcat].[localhost].[/]       : Initializing Spring DispatcherServlet 'dispatcherServlet'
2026-04-28T15:25:20.253+08:00  INFO 25589 --- [http-nio-8080-exec-1] o.s.web.servlet.DispatcherServlet        : Initializing Servlet 'dispatcherServlet'
2026-04-28T15:25:20.254+08:00  INFO 25589 --- [http-nio-8080-exec-1] o.s.web.servlet.DispatcherServlet        : Completed initialization in 1 ms
2026-04-28T15:25:20.287+08:00  INFO 25589 --- [http-nio-8080-exec-1] c.g.filter.JwtAuthenticationFilter       : 当前请求用户--权限： USER id: 1
2026-04-28T15:25:40.797+08:00  INFO 25589 --- [SpringApplicationShutdownHook] o.s.b.w.e.tomcat.GracefulShutdown        : Commencing graceful shutdown. Waiting for active requests to complete
2026-04-28T15:25:40.801+08:00  INFO 25589 --- [tomcat-shutdown] o.s.b.w.e.tomcat.GracefulShutdown        : Graceful shutdown complete
2026-04-28T15:35:06.972+08:00  INFO 25795 --- [main] c.g.GoldNexusBackendApplication          : Starting GoldNexusBackendApplication using Java 25.0.2 with PID 25795 (/Users/surge/code/java/GoldNexusBackend/target/classes started by surge in /Users/surge/code/java/GoldNexusBackend)
2026-04-28T15:35:06.973+08:00  INFO 25795 --- [main] c.g.GoldNexusBackendApplication          : No active profile set, falling back to 1 default profile: "default"
2026-04-28T15:35:07.309+08:00  INFO 25795 --- [main] o.s.b.w.embedded.tomcat.TomcatWebServer  : Tomcat initialized with port 8080 (http)
2026-04-28T15:35:07.313+08:00  INFO 25795 --- [main] o.apache.catalina.core.StandardService   : Starting service [Tomcat]
2026-04-28T15:35:07.313+08:00  INFO 25795 --- [main] o.apache.catalina.core.StandardEngine    : Starting Servlet engine: [Apache Tomcat/10.1.50]
2026-04-28T15:35:07.324+08:00  INFO 25795 --- [main] o.a.c.c.C.[Tomcat].[localhost].[/]       : Initializing Spring embedded WebApplicationContext
2026-04-28T15:35:07.324+08:00  INFO 25795 --- [main] w.s.c.ServletWebServerApplicationContext : Root WebApplicationContext: initialization completed in 340 ms
2026-04-28T15:35:07.542+08:00  INFO 25795 --- [main] r$InitializeUserDetailsManagerConfigurer : Global AuthenticationManager configured with UserDetailsService bean with name userService
2026-04-28T15:35:07.625+08:00  INFO 25795 --- [main] o.s.b.w.embedded.tomcat.TomcatWebServer  : Tomcat started on port 8080 (http) with context path '/'
2026-04-28T15:35:07.629+08:00  INFO 25795 --- [main] c.g.GoldNexusBackendApplication          : Started GoldNexusBackendApplication in 0.811 seconds (process running for 0.968)
2026-04-28T15:35:09.503+08:00  INFO 25795 --- [SpringApplicationShutdownHook] o.s.b.w.e.tomcat.GracefulShutdown        : Commencing graceful shutdown. Waiting for active requests to complete
2026-04-28T15:35:09.507+08:00  INFO 25795 --- [tomcat-shutdown] o.s.b.w.e.tomcat.GracefulShutdown        : Graceful shutdown complete
2026-04-28T15:35:37.469+08:00  INFO 25811 --- [main] c.g.GoldNexusBackendApplication          : Starting GoldNexusBackendApplication using Java 25.0.2 with PID 25811 (/Users/surge/code/java/GoldNexusBackend/target/classes started by surge in /Users/surge/code/java/GoldNexusBackend)
2026-04-28T15:35:37.470+08:00  INFO 25811 --- [main] c.g.GoldNexusBackendApplication          : No active profile set, falling back to 1 default profile: "default"
2026-04-28T15:35:37.786+08:00  INFO 25811 --- [main] o.s.b.w.embedded.tomcat.TomcatWebServer  : Tomcat initialized with port 8080 (http)
2026-04-28T15:35:37.789+08:00  INFO 25811 --- [main] o.apache.catalina.core.StandardService   : Starting service [Tomcat]
2026-04-28T15:35:37.790+08:00  INFO 25811 --- [main] o.apache.catalina.core.StandardEngine    : Starting Servlet engine: [Apache Tomcat/10.1.50]
2026-04-28T15:35:37.799+08:00  INFO 25811 --- [main] o.a.c.c.C.[Tomcat].[localhost].[/]       : Initializing Spring embedded WebApplicationContext
2026-04-28T15:35:37.800+08:00  INFO 25811 --- [main] w.s.c.ServletWebServerApplicationContext : Root WebApplicationContext: initialization completed in 319 ms
2026-04-28T15:35:37.980+08:00  INFO 25811 --- [main] r$InitializeUserDetailsManagerConfigurer : Global AuthenticationManager configured with UserDetailsService bean with name userService
2026-04-28T15:35:38.069+08:00  INFO 25811 --- [main] o.s.b.w.embedded.tomcat.TomcatWebServer  : Tomcat started on port 8080 (http) with context path '/'
2026-04-28T15:35:38.075+08:00  INFO 25811 --- [main] c.g.GoldNexusBackendApplication          : Started GoldNexusBackendApplication in 0.736 seconds (process running for 0.897)
2026-04-28T15:35:43.311+08:00  INFO 25811 --- [http-nio-8080-exec-2] o.a.c.c.C.[Tomcat].[localhost].[/]       : Initializing Spring DispatcherServlet 'dispatcherServlet'
2026-04-28T15:35:43.311+08:00  INFO 25811 --- [http-nio-8080-exec-2] o.s.web.servlet.DispatcherServlet        : Initializing Servlet 'dispatcherServlet'
2026-04-28T15:35:43.312+08:00  INFO 25811 --- [http-nio-8080-exec-2] o.s.web.servlet.DispatcherServlet        : Completed initialization in 0 ms
2026-04-28T15:35:43.348+08:00  INFO 25811 --- [http-nio-8080-exec-2] c.g.filter.JwtAuthenticationFilter       : 当前请求用户--权限： USER id: 1
2026-04-28T15:36:15.316+08:00 ERROR 25811 --- [http-nio-8080-exec-3] o.a.c.c.C.[.[.[/].[dispatcherServlet]    : Servlet.service() for servlet [dispatcherServlet] threw exception

org.springframework.security.authorization.AuthorizationDeniedException: Access Denied
	at org.springframework.security.web.access.intercept.AuthorizationFilter.doFilter(AuthorizationFilter.java:99)
	at org.springframework.security.web.FilterChainProxy$VirtualFilterChain.doFilter(FilterChainProxy.java:374)
	at org.springframework.security.web.access.ExceptionTranslationFilter.doFilter(ExceptionTranslationFilter.java:125)
	at org.springframework.security.web.access.ExceptionTranslationFilter.doFilter(ExceptionTranslationFilter.java:119)
	at org.springframework.security.web.FilterChainProxy$VirtualFilterChain.doFilter(FilterChainProxy.java:374)
	at org.springframework.security.web.session.SessionManagementFilter.doFilter(SessionManagementFilter.java:91)
	at org.springframework.security.web.session.SessionManagementFilter.doFilter(SessionManagementFilter.java:85)
	at org.springframework.security.web.FilterChainProxy$VirtualFilterChain.doFilter(FilterChainProxy.java:374)
	at org.springframework.security.web.authentication.AnonymousAuthenticationFilter.doFilter(AnonymousAuthenticationFilter.java:100)
	at org.springframework.security.web.FilterChainProxy$VirtualFilterChain.doFilter(FilterChainProxy.java:374)
	at org.springframework.security.web.servletapi.SecurityContextHolderAwareRequestFilter.doFilter(SecurityContextHolderAwareRequestFilter.java:179)
	at org.springframework.security.web.FilterChainProxy$VirtualFilterChain.doFilter(FilterChainProxy.java:374)
	at org.springframework.security.web.savedrequest.RequestCacheAwareFilter.doFilter(RequestCacheAwareFilter.java:63)
	at org.springframework.security.web.FilterChainProxy$VirtualFilterChain.doFilter(FilterChainProxy.java:374)
	at org.springframework.web.filter.OncePerRequestFilter.doFilter(OncePerRequestFilter.java:101)
	at org.springframework.security.web.FilterChainProxy$VirtualFilterChain.doFilter(FilterChainProxy.java:374)
	at org.springframework.web.filter.OncePerRequestFilter.doFilter(OncePerRequestFilter.java:101)
	at org.springframework.security.web.FilterChainProxy$VirtualFilterChain.doFilter(FilterChainProxy.java:374)
	at org.springframework.web.filter.OncePerRequestFilter.doFilter(OncePerRequestFilter.java:101)
	at org.springframework.security.web.FilterChainProxy$VirtualFilterChain.doFilter(FilterChainProxy.java:374)
	at org.springframework.security.web.context.SecurityContextHolderFilter.doFilter(SecurityContextHolderFilter.java:82)
	at org.springframework.security.web.context.SecurityContextHolderFilter.doFilter(SecurityContextHolderFilter.java:69)
	at org.springframework.security.web.FilterChainProxy$VirtualFilterChain.doFilter(FilterChainProxy.java:374)
	at org.springframework.web.filter.OncePerRequestFilter.doFilter(OncePerRequestFilter.java:101)
	at org.springframework.security.web.FilterChainProxy$VirtualFilterChain.doFilter(FilterChainProxy.java:374)
	at org.springframework.web.filter.OncePerRequestFilter.doFilter(OncePerRequestFilter.java:101)
	at org.springframework.security.web.FilterChainProxy$VirtualFilterChain.doFilter(FilterChainProxy.java:374)
	at org.springframework.security.web.FilterChainProxy.doFilterInternal(FilterChainProxy.java:233)
	at org.springframework.security.web.FilterChainProxy.doFilter(FilterChainProxy.java:191)
	at org.springframework.web.filter.CompositeFilter$VirtualFilterChain.doFilter(CompositeFilter.java:113)
	at org.springframework.web.filter.ServletRequestPathFilter.doFilter(ServletRequestPathFilter.java:52)
	at org.springframework.web.filter.CompositeFilter$VirtualFilterChain.doFilter(CompositeFilter.java:113)
	at org.springframework.web.filter.CompositeFilter.doFilter(CompositeFilter.java:74)
	at org.springframework.security.config.annotation.web.configuration.WebSecurityConfiguration$CompositeFilterChainProxy.doFilter(WebSecurityConfiguration.java:319)
	at org.springframework.web.filter.CompositeFilter$VirtualFilterChain.doFilter(CompositeFilter.java:113)
	at org.springframework.web.servlet.handler.HandlerMappingIntrospector.lambda$createCacheFilter$4(HandlerMappingIntrospector.java:267)
	at org.springframework.web.filter.CompositeFilter$VirtualFilterChain.doFilter(CompositeFilter.java:113)
	at org.springframework.web.filter.CompositeFilter.doFilter(CompositeFilter.java:74)
	at org.springframework.security.config.annotation.web.configuration.WebMvcSecurityConfiguration$CompositeFilterChainProxy.doFilter(WebMvcSecurityConfiguration.java:240)
	at org.springframework.web.filter.DelegatingFilterProxy.invokeDelegate(DelegatingFilterProxy.java:362)
	at org.springframework.web.filter.DelegatingFilterProxy.doFilter(DelegatingFilterProxy.java:278)
	at org.apache.catalina.core.ApplicationFilterChain.internalDoFilter(ApplicationFilterChain.java:162)
	at org.apache.catalina.core.ApplicationFilterChain.doFilter(ApplicationFilterChain.java:138)
	at org.springframework.web.filter.RequestContextFilter.doFilterInternal(RequestContextFilter.java:100)
	at org.springframework.web.filter.OncePerRequestFilter.doFilter(OncePerRequestFilter.java:116)
	at org.apache.catalina.core.ApplicationFilterChain.internalDoFilter(ApplicationFilterChain.java:162)
	at org.apache.catalina.core.ApplicationFilterChain.doFilter(ApplicationFilterChain.java:138)
	at org.springframework.web.filter.OncePerRequestFilter.doFilter(OncePerRequestFilter.java:101)
	at org.apache.catalina.core.ApplicationFilterChain.internalDoFilter(ApplicationFilterChain.java:162)
	at org.apache.catalina.core.ApplicationFilterChain.doFilter(ApplicationFilterChain.java:138)
	at org.springframework.web.filter.OncePerRequestFilter.doFilter(OncePerRequestFilter.java:101)
	at org.apache.catalina.core.ApplicationFilterChain.internalDoFilter(ApplicationFilterChain.java:162)
	at org.apache.catalina.core.ApplicationFilterChain.doFilter(ApplicationFilterChain.java:138)
	at org.apache.catalina.core.ApplicationDispatcher.invoke(ApplicationDispatcher.java:610)
	at org.apache.catalina.core.ApplicationDispatcher.doDispatch(ApplicationDispatcher.java:538)
	at org.apache.catalina.core.ApplicationDispatcher.dispatch(ApplicationDispatcher.java:509)
	at org.apache.catalina.core.AsyncContextImpl$AsyncRunnable.run(AsyncContextImpl.java:599)
	at org.apache.catalina.core.AsyncContextImpl.doInternalDispatch(AsyncContextImpl.java:342)
	at org.apache.catalina.core.StandardWrapperValve.invoke(StandardWrapperValve.java:163)
	at org.apache.catalina.core.StandardContextValve.invoke(StandardContextValve.java:88)
	at org.apache.catalina.authenticator.AuthenticatorBase.invoke(AuthenticatorBase.java:482)
	at org.apache.catalina.core.StandardHostValve.invoke(StandardHostValve.java:113)
	at org.apache.catalina.valves.ErrorReportValve.invoke(ErrorReportValve.java:83)
	at org.apache.catalina.core.StandardEngineValve.invoke(StandardEngineValve.java:72)
	at org.apache.catalina.connector.CoyoteAdapter.asyncDispatch(CoyoteAdapter.java:237)
	at org.apache.coyote.AbstractProcessor.dispatch(AbstractProcessor.java:243)
	at org.apache.coyote.AbstractProcessorLight.process(AbstractProcessorLight.java:57)
	at org.apache.coyote.AbstractProtocol$ConnectionHandler.process(AbstractProtocol.java:903)
	at org.apache.tomcat.util.net.NioEndpoint$SocketProcessor.doRun(NioEndpoint.java:1774)
	at org.apache.tomcat.util.net.SocketProcessorBase.run(SocketProcessorBase.java:52)
	at org.apache.tomcat.util.threads.ThreadPoolExecutor.runWorker(ThreadPoolExecutor.java:973)
	at org.apache.tomcat.util.threads.ThreadPoolExecutor$Worker.run(ThreadPoolExecutor.java:491)
	at org.apache.tomcat.util.threads.TaskThread$WrappingRunnable.run(TaskThread.java:63)
	at java.base/java.lang.Thread.run(Thread.java:1474)

2026-04-28T15:36:15.321+08:00 ERROR 25811 --- [http-nio-8080-exec-3] o.a.c.c.C.[.[.[/].[dispatcherServlet]    : Servlet.service() for servlet [dispatcherServlet] in context with path [] threw exception [Unable to handle the Spring Security Exception because the response is already committed.] with root cause

org.springframework.security.authorization.AuthorizationDeniedException: Access Denied
	at org.springframework.security.web.access.intercept.AuthorizationFilter.doFilter(AuthorizationFilter.java:99)
	at org.springframework.security.web.FilterChainProxy$VirtualFilterChain.doFilter(FilterChainProxy.java:374)
	at org.springframework.security.web.access.ExceptionTranslationFilter.doFilter(ExceptionTranslationFilter.java:125)
	at org.springframework.security.web.access.ExceptionTranslationFilter.doFilter(ExceptionTranslationFilter.java:119)
	at org.springframework.security.web.FilterChainProxy$VirtualFilterChain.doFilter(FilterChainProxy.java:374)
	at org.springframework.security.web.session.SessionManagementFilter.doFilter(SessionManagementFilter.java:91)
	at org.springframework.security.web.session.SessionManagementFilter.doFilter(SessionManagementFilter.java:85)
	at org.springframework.security.web.FilterChainProxy$VirtualFilterChain.doFilter(FilterChainProxy.java:374)
	at org.springframework.security.web.authentication.AnonymousAuthenticationFilter.doFilter(AnonymousAuthenticationFilter.java:100)
	at org.springframework.security.web.FilterChainProxy$VirtualFilterChain.doFilter(FilterChainProxy.java:374)
	at org.springframework.security.web.servletapi.SecurityContextHolderAwareRequestFilter.doFilter(SecurityContextHolderAwareRequestFilter.java:179)
	at org.springframework.security.web.FilterChainProxy$VirtualFilterChain.doFilter(FilterChainProxy.java:374)
	at org.springframework.security.web.savedrequest.RequestCacheAwareFilter.doFilter(RequestCacheAwareFilter.java:63)
	at org.springframework.security.web.FilterChainProxy$VirtualFilterChain.doFilter(FilterChainProxy.java:374)
	at org.springframework.web.filter.OncePerRequestFilter.doFilter(OncePerRequestFilter.java:101)
	at org.springframework.security.web.FilterChainProxy$VirtualFilterChain.doFilter(FilterChainProxy.java:374)
	at org.springframework.web.filter.OncePerRequestFilter.doFilter(OncePerRequestFilter.java:101)
	at org.springframework.security.web.FilterChainProxy$VirtualFilterChain.doFilter(FilterChainProxy.java:374)
	at org.springframework.web.filter.OncePerRequestFilter.doFilter(OncePerRequestFilter.java:101)
	at org.springframework.security.web.FilterChainProxy$VirtualFilterChain.doFilter(FilterChainProxy.java:374)
	at org.springframework.security.web.context.SecurityContextHolderFilter.doFilter(SecurityContextHolderFilter.java:82)
	at org.springframework.security.web.context.SecurityContextHolderFilter.doFilter(SecurityContextHolderFilter.java:69)
	at org.springframework.security.web.FilterChainProxy$VirtualFilterChain.doFilter(FilterChainProxy.java:374)
	at org.springframework.web.filter.OncePerRequestFilter.doFilter(OncePerRequestFilter.java:101)
	at org.springframework.security.web.FilterChainProxy$VirtualFilterChain.doFilter(FilterChainProxy.java:374)
	at org.springframework.web.filter.OncePerRequestFilter.doFilter(OncePerRequestFilter.java:101)
	at org.springframework.security.web.FilterChainProxy$VirtualFilterChain.doFilter(FilterChainProxy.java:374)
	at org.springframework.security.web.FilterChainProxy.doFilterInternal(FilterChainProxy.java:233)
	at org.springframework.security.web.FilterChainProxy.doFilter(FilterChainProxy.java:191)
	at org.springframework.web.filter.CompositeFilter$VirtualFilterChain.doFilter(CompositeFilter.java:113)
	at org.springframework.web.filter.ServletRequestPathFilter.doFilter(ServletRequestPathFilter.java:52)
	at org.springframework.web.filter.CompositeFilter$VirtualFilterChain.doFilter(CompositeFilter.java:113)
	at org.springframework.web.filter.CompositeFilter.doFilter(CompositeFilter.java:74)
	at org.springframework.security.config.annotation.web.configuration.WebSecurityConfiguration$CompositeFilterChainProxy.doFilter(WebSecurityConfiguration.java:319)
	at org.springframework.web.filter.CompositeFilter$VirtualFilterChain.doFilter(CompositeFilter.java:113)
	at org.springframework.web.servlet.handler.HandlerMappingIntrospector.lambda$createCacheFilter$4(HandlerMappingIntrospector.java:267)
	at org.springframework.web.filter.CompositeFilter$VirtualFilterChain.doFilter(CompositeFilter.java:113)
	at org.springframework.web.filter.CompositeFilter.doFilter(CompositeFilter.java:74)
	at org.springframework.security.config.annotation.web.configuration.WebMvcSecurityConfiguration$CompositeFilterChainProxy.doFilter(WebMvcSecurityConfiguration.java:240)
	at org.springframework.web.filter.DelegatingFilterProxy.invokeDelegate(DelegatingFilterProxy.java:362)
	at org.springframework.web.filter.DelegatingFilterProxy.doFilter(DelegatingFilterProxy.java:278)
	at org.apache.catalina.core.ApplicationFilterChain.internalDoFilter(ApplicationFilterChain.java:162)
	at org.apache.catalina.core.ApplicationFilterChain.doFilter(ApplicationFilterChain.java:138)
	at org.springframework.web.filter.RequestContextFilter.doFilterInternal(RequestContextFilter.java:100)
	at org.springframework.web.filter.OncePerRequestFilter.doFilter(OncePerRequestFilter.java:116)
	at org.apache.catalina.core.ApplicationFilterChain.internalDoFilter(ApplicationFilterChain.java:162)
	at org.apache.catalina.core.ApplicationFilterChain.doFilter(ApplicationFilterChain.java:138)
	at org.springframework.web.filter.OncePerRequestFilter.doFilter(OncePerRequestFilter.java:101)
	at org.apache.catalina.core.ApplicationFilterChain.internalDoFilter(ApplicationFilterChain.java:162)
	at org.apache.catalina.core.ApplicationFilterChain.doFilter(ApplicationFilterChain.java:138)
	at org.springframework.web.filter.OncePerRequestFilter.doFilter(OncePerRequestFilter.java:101)
	at org.apache.catalina.core.ApplicationFilterChain.internalDoFilter(ApplicationFilterChain.java:162)
	at org.apache.catalina.core.ApplicationFilterChain.doFilter(ApplicationFilterChain.java:138)
	at org.apache.catalina.core.ApplicationDispatcher.invoke(ApplicationDispatcher.java:610)
	at org.apache.catalina.core.ApplicationDispatcher.doDispatch(ApplicationDispatcher.java:538)
	at org.apache.catalina.core.ApplicationDispatcher.dispatch(ApplicationDispatcher.java:509)
	at org.apache.catalina.core.AsyncContextImpl$AsyncRunnable.run(AsyncContextImpl.java:599)
	at org.apache.catalina.core.AsyncContextImpl.doInternalDispatch(AsyncContextImpl.java:342)
	at org.apache.catalina.core.StandardWrapperValve.invoke(StandardWrapperValve.java:163)
	at org.apache.catalina.core.StandardContextValve.invoke(StandardContextValve.java:88)
	at org.apache.catalina.authenticator.AuthenticatorBase.invoke(AuthenticatorBase.java:482)
	at org.apache.catalina.core.StandardHostValve.invoke(StandardHostValve.java:113)
	at org.apache.catalina.valves.ErrorReportValve.invoke(ErrorReportValve.java:83)
	at org.apache.catalina.core.StandardEngineValve.invoke(StandardEngineValve.java:72)
	at org.apache.catalina.connector.CoyoteAdapter.asyncDispatch(CoyoteAdapter.java:237)
	at org.apache.coyote.AbstractProcessor.dispatch(AbstractProcessor.java:243)
	at org.apache.coyote.AbstractProcessorLight.process(AbstractProcessorLight.java:57)
	at org.apache.coyote.AbstractProtocol$ConnectionHandler.process(AbstractProtocol.java:903)
	at org.apache.tomcat.util.net.NioEndpoint$SocketProcessor.doRun(NioEndpoint.java:1774)
	at org.apache.tomcat.util.net.SocketProcessorBase.run(SocketProcessorBase.java:52)
	at org.apache.tomcat.util.threads.ThreadPoolExecutor.runWorker(ThreadPoolExecutor.java:973)
	at org.apache.tomcat.util.threads.ThreadPoolExecutor$Worker.run(ThreadPoolExecutor.java:491)
	at org.apache.tomcat.util.threads.TaskThread$WrappingRunnable.run(TaskThread.java:63)
	at java.base/java.lang.Thread.run(Thread.java:1474)

2026-04-28T15:36:15.323+08:00 ERROR 25811 --- [http-nio-8080-exec-3] o.a.c.c.C.[.[.[/].[dispatcherServlet]    : Servlet.service() for servlet [dispatcherServlet] threw exception

org.springframework.security.authorization.AuthorizationDeniedException: Access Denied
	at org.springframework.security.web.access.intercept.AuthorizationFilter.doFilter(AuthorizationFilter.java:99)
	at org.springframework.security.web.FilterChainProxy$VirtualFilterChain.doFilter(FilterChainProxy.java:374)
	at org.springframework.security.web.access.ExceptionTranslationFilter.doFilter(ExceptionTranslationFilter.java:125)
	at org.springframework.security.web.access.ExceptionTranslationFilter.doFilter(ExceptionTranslationFilter.java:119)
	at org.springframework.security.web.FilterChainProxy$VirtualFilterChain.doFilter(FilterChainProxy.java:374)
	at org.springframework.security.web.session.SessionManagementFilter.doFilter(SessionManagementFilter.java:91)
	at org.springframework.security.web.session.SessionManagementFilter.doFilter(SessionManagementFilter.java:85)
	at org.springframework.security.web.FilterChainProxy$VirtualFilterChain.doFilter(FilterChainProxy.java:374)
	at org.springframework.security.web.authentication.AnonymousAuthenticationFilter.doFilter(AnonymousAuthenticationFilter.java:100)
	at org.springframework.security.web.FilterChainProxy$VirtualFilterChain.doFilter(FilterChainProxy.java:374)
	at org.springframework.security.web.servletapi.SecurityContextHolderAwareRequestFilter.doFilter(SecurityContextHolderAwareRequestFilter.java:179)
	at org.springframework.security.web.FilterChainProxy$VirtualFilterChain.doFilter(FilterChainProxy.java:374)
	at org.springframework.security.web.savedrequest.RequestCacheAwareFilter.doFilter(RequestCacheAwareFilter.java:63)
	at org.springframework.security.web.FilterChainProxy$VirtualFilterChain.doFilter(FilterChainProxy.java:374)
	at org.springframework.web.filter.OncePerRequestFilter.doFilter(OncePerRequestFilter.java:101)
	at org.springframework.security.web.FilterChainProxy$VirtualFilterChain.doFilter(FilterChainProxy.java:374)
	at org.springframework.web.filter.OncePerRequestFilter.doFilter(OncePerRequestFilter.java:101)
	at org.springframework.security.web.FilterChainProxy$VirtualFilterChain.doFilter(FilterChainProxy.java:374)
	at org.springframework.web.filter.OncePerRequestFilter.doFilter(OncePerRequestFilter.java:101)
	at org.springframework.security.web.FilterChainProxy$VirtualFilterChain.doFilter(FilterChainProxy.java:374)
	at org.springframework.security.web.context.SecurityContextHolderFilter.doFilter(SecurityContextHolderFilter.java:82)
	at org.springframework.security.web.context.SecurityContextHolderFilter.doFilter(SecurityContextHolderFilter.java:69)
	at org.springframework.security.web.FilterChainProxy$VirtualFilterChain.doFilter(FilterChainProxy.java:374)
	at org.springframework.web.filter.OncePerRequestFilter.doFilter(OncePerRequestFilter.java:101)
	at org.springframework.security.web.FilterChainProxy$VirtualFilterChain.doFilter(FilterChainProxy.java:374)
	at org.springframework.web.filter.OncePerRequestFilter.doFilter(OncePerRequestFilter.java:101)
	at org.springframework.security.web.FilterChainProxy$VirtualFilterChain.doFilter(FilterChainProxy.java:374)
	at org.springframework.security.web.FilterChainProxy.doFilterInternal(FilterChainProxy.java:233)
	at org.springframework.security.web.FilterChainProxy.doFilter(FilterChainProxy.java:191)
	at org.springframework.web.filter.CompositeFilter$VirtualFilterChain.doFilter(CompositeFilter.java:113)
	at org.springframework.web.filter.ServletRequestPathFilter.doFilter(ServletRequestPathFilter.java:52)
	at org.springframework.web.filter.CompositeFilter$VirtualFilterChain.doFilter(CompositeFilter.java:113)
	at org.springframework.web.filter.CompositeFilter.doFilter(CompositeFilter.java:74)
	at org.springframework.security.config.annotation.web.configuration.WebSecurityConfiguration$CompositeFilterChainProxy.doFilter(WebSecurityConfiguration.java:319)
	at org.springframework.web.filter.CompositeFilter$VirtualFilterChain.doFilter(CompositeFilter.java:113)
	at org.springframework.web.servlet.handler.HandlerMappingIntrospector.lambda$createCacheFilter$4(HandlerMappingIntrospector.java:267)
	at org.springframework.web.filter.CompositeFilter$VirtualFilterChain.doFilter(CompositeFilter.java:113)
	at org.springframework.web.filter.CompositeFilter.doFilter(CompositeFilter.java:74)
	at org.springframework.security.config.annotation.web.configuration.WebMvcSecurityConfiguration$CompositeFilterChainProxy.doFilter(WebMvcSecurityConfiguration.java:240)
	at org.springframework.web.filter.DelegatingFilterProxy.invokeDelegate(DelegatingFilterProxy.java:362)
	at org.springframework.web.filter.DelegatingFilterProxy.doFilter(DelegatingFilterProxy.java:278)
	at org.apache.catalina.core.ApplicationFilterChain.internalDoFilter(ApplicationFilterChain.java:162)
	at org.apache.catalina.core.ApplicationFilterChain.doFilter(ApplicationFilterChain.java:138)
	at org.springframework.web.filter.RequestContextFilter.doFilterInternal(RequestContextFilter.java:100)
	at org.springframework.web.filter.OncePerRequestFilter.doFilter(OncePerRequestFilter.java:116)
	at org.apache.catalina.core.ApplicationFilterChain.internalDoFilter(ApplicationFilterChain.java:162)
	at org.apache.catalina.core.ApplicationFilterChain.doFilter(ApplicationFilterChain.java:138)
	at org.springframework.web.filter.OncePerRequestFilter.doFilter(OncePerRequestFilter.java:101)
	at org.apache.catalina.core.ApplicationFilterChain.internalDoFilter(ApplicationFilterChain.java:162)
	at org.apache.catalina.core.ApplicationFilterChain.doFilter(ApplicationFilterChain.java:138)
	at org.springframework.web.filter.OncePerRequestFilter.doFilter(OncePerRequestFilter.java:101)
	at org.apache.catalina.core.ApplicationFilterChain.internalDoFilter(ApplicationFilterChain.java:162)
	at org.apache.catalina.core.ApplicationFilterChain.doFilter(ApplicationFilterChain.java:138)
	at org.apache.catalina.core.ApplicationDispatcher.invoke(ApplicationDispatcher.java:610)
	at org.apache.catalina.core.ApplicationDispatcher.doInclude(ApplicationDispatcher.java:489)
	at org.apache.catalina.core.ApplicationDispatcher.include(ApplicationDispatcher.java:437)
	at org.apache.catalina.core.StandardHostValve.custom(StandardHostValve.java:355)
	at org.apache.catalina.core.StandardHostValve.status(StandardHostValve.java:206)
	at org.apache.catalina.core.StandardHostValve.throwable(StandardHostValve.java:283)
	at org.apache.catalina.core.StandardHostValve.invoke(StandardHostValve.java:147)
	at org.apache.catalina.valves.ErrorReportValve.invoke(ErrorReportValve.java:83)
	at org.apache.catalina.core.StandardEngineValve.invoke(StandardEngineValve.java:72)
	at org.apache.catalina.connector.CoyoteAdapter.asyncDispatch(CoyoteAdapter.java:237)
	at org.apache.coyote.AbstractProcessor.dispatch(AbstractProcessor.java:243)
	at org.apache.coyote.AbstractProcessorLight.process(AbstractProcessorLight.java:57)
	at org.apache.coyote.AbstractProtocol$ConnectionHandler.process(AbstractProtocol.java:903)
	at org.apache.tomcat.util.net.NioEndpoint$SocketProcessor.doRun(NioEndpoint.java:1774)
	at org.apache.tomcat.util.net.SocketProcessorBase.run(SocketProcessorBase.java:52)
	at org.apache.tomcat.util.threads.ThreadPoolExecutor.runWorker(ThreadPoolExecutor.java:973)
	at org.apache.tomcat.util.threads.ThreadPoolExecutor$Worker.run(ThreadPoolExecutor.java:491)
	at org.apache.tomcat.util.threads.TaskThread$WrappingRunnable.run(TaskThread.java:63)
	at java.base/java.lang.Thread.run(Thread.java:1474)

2026-04-28T15:36:15.324+08:00 ERROR 25811 --- [http-nio-8080-exec-3] o.a.c.c.C.[Tomcat].[localhost]           : Exception Processing [ErrorPage[errorCode=0, location=/error]]

jakarta.servlet.ServletException: Unable to handle the Spring Security Exception because the response is already committed.
	at org.springframework.security.web.access.ExceptionTranslationFilter.doFilter(ExceptionTranslationFilter.java:143)
	at org.springframework.security.web.access.ExceptionTranslationFilter.doFilter(ExceptionTranslationFilter.java:119)
	at org.springframework.security.web.FilterChainProxy$VirtualFilterChain.doFilter(FilterChainProxy.java:374)
	at org.springframework.security.web.session.SessionManagementFilter.doFilter(SessionManagementFilter.java:91)
	at org.springframework.security.web.session.SessionManagementFilter.doFilter(SessionManagementFilter.java:85)
	at org.springframework.security.web.FilterChainProxy$VirtualFilterChain.doFilter(FilterChainProxy.java:374)
	at org.springframework.security.web.authentication.AnonymousAuthenticationFilter.doFilter(AnonymousAuthenticationFilter.java:100)
	at org.springframework.security.web.FilterChainProxy$VirtualFilterChain.doFilter(FilterChainProxy.java:374)
	at org.springframework.security.web.servletapi.SecurityContextHolderAwareRequestFilter.doFilter(SecurityContextHolderAwareRequestFilter.java:179)
	at org.springframework.security.web.FilterChainProxy$VirtualFilterChain.doFilter(FilterChainProxy.java:374)
	at org.springframework.security.web.savedrequest.RequestCacheAwareFilter.doFilter(RequestCacheAwareFilter.java:63)
	at org.springframework.security.web.FilterChainProxy$VirtualFilterChain.doFilter(FilterChainProxy.java:374)
	at org.springframework.web.filter.OncePerRequestFilter.doFilter(OncePerRequestFilter.java:101)
	at org.springframework.security.web.FilterChainProxy$VirtualFilterChain.doFilter(FilterChainProxy.java:374)
	at org.springframework.web.filter.OncePerRequestFilter.doFilter(OncePerRequestFilter.java:101)
	at org.springframework.security.web.FilterChainProxy$VirtualFilterChain.doFilter(FilterChainProxy.java:374)
	at org.springframework.web.filter.OncePerRequestFilter.doFilter(OncePerRequestFilter.java:101)
	at org.springframework.security.web.FilterChainProxy$VirtualFilterChain.doFilter(FilterChainProxy.java:374)
	at org.springframework.security.web.context.SecurityContextHolderFilter.doFilter(SecurityContextHolderFilter.java:82)
	at org.springframework.security.web.context.SecurityContextHolderFilter.doFilter(SecurityContextHolderFilter.java:69)
	at org.springframework.security.web.FilterChainProxy$VirtualFilterChain.doFilter(FilterChainProxy.java:374)
	at org.springframework.web.filter.OncePerRequestFilter.doFilter(OncePerRequestFilter.java:101)
	at org.springframework.security.web.FilterChainProxy$VirtualFilterChain.doFilter(FilterChainProxy.java:374)
	at org.springframework.web.filter.OncePerRequestFilter.doFilter(OncePerRequestFilter.java:101)
	at org.springframework.security.web.FilterChainProxy$VirtualFilterChain.doFilter(FilterChainProxy.java:374)
	at org.springframework.security.web.FilterChainProxy.doFilterInternal(FilterChainProxy.java:233)
	at org.springframework.security.web.FilterChainProxy.doFilter(FilterChainProxy.java:191)
	at org.springframework.web.filter.CompositeFilter$VirtualFilterChain.doFilter(CompositeFilter.java:113)
	at org.springframework.web.filter.ServletRequestPathFilter.doFilter(ServletRequestPathFilter.java:52)
	at org.springframework.web.filter.CompositeFilter$VirtualFilterChain.doFilter(CompositeFilter.java:113)
	at org.springframework.web.filter.CompositeFilter.doFilter(CompositeFilter.java:74)
	at org.springframework.security.config.annotation.web.configuration.WebSecurityConfiguration$CompositeFilterChainProxy.doFilter(WebSecurityConfiguration.java:319)
	at org.springframework.web.filter.CompositeFilter$VirtualFilterChain.doFilter(CompositeFilter.java:113)
	at org.springframework.web.servlet.handler.HandlerMappingIntrospector.lambda$createCacheFilter$4(HandlerMappingIntrospector.java:267)
	at org.springframework.web.filter.CompositeFilter$VirtualFilterChain.doFilter(CompositeFilter.java:113)
	at org.springframework.web.filter.CompositeFilter.doFilter(CompositeFilter.java:74)
	at org.springframework.security.config.annotation.web.configuration.WebMvcSecurityConfiguration$CompositeFilterChainProxy.doFilter(WebMvcSecurityConfiguration.java:240)
	at org.springframework.web.filter.DelegatingFilterProxy.invokeDelegate(DelegatingFilterProxy.java:362)
	at org.springframework.web.filter.DelegatingFilterProxy.doFilter(DelegatingFilterProxy.java:278)
	at org.apache.catalina.core.ApplicationFilterChain.internalDoFilter(ApplicationFilterChain.java:162)
	at org.apache.catalina.core.ApplicationFilterChain.doFilter(ApplicationFilterChain.java:138)
	at org.springframework.web.filter.RequestContextFilter.doFilterInternal(RequestContextFilter.java:100)
	at org.springframework.web.filter.OncePerRequestFilter.doFilter(OncePerRequestFilter.java:116)
	at org.apache.catalina.core.ApplicationFilterChain.internalDoFilter(ApplicationFilterChain.java:162)
	at org.apache.catalina.core.ApplicationFilterChain.doFilter(ApplicationFilterChain.java:138)
	at org.springframework.web.filter.OncePerRequestFilter.doFilter(OncePerRequestFilter.java:101)
	at org.apache.catalina.core.ApplicationFilterChain.internalDoFilter(ApplicationFilterChain.java:162)
	at org.apache.catalina.core.ApplicationFilterChain.doFilter(ApplicationFilterChain.java:138)
	at org.springframework.web.filter.OncePerRequestFilter.doFilter(OncePerRequestFilter.java:101)
	at org.apache.catalina.core.ApplicationFilterChain.internalDoFilter(ApplicationFilterChain.java:162)
	at org.apache.catalina.core.ApplicationFilterChain.doFilter(ApplicationFilterChain.java:138)
	at org.apache.catalina.core.ApplicationDispatcher.invoke(ApplicationDispatcher.java:610)
	at org.apache.catalina.core.ApplicationDispatcher.doInclude(ApplicationDispatcher.java:489)
	at org.apache.catalina.core.ApplicationDispatcher.include(ApplicationDispatcher.java:437)
	at org.apache.catalina.core.StandardHostValve.custom(StandardHostValve.java:355)
	at org.apache.catalina.core.StandardHostValve.status(StandardHostValve.java:206)
	at org.apache.catalina.core.StandardHostValve.throwable(StandardHostValve.java:283)
	at org.apache.catalina.core.StandardHostValve.invoke(StandardHostValve.java:147)
	at org.apache.catalina.valves.ErrorReportValve.invoke(ErrorReportValve.java:83)
	at org.apache.catalina.core.StandardEngineValve.invoke(StandardEngineValve.java:72)
	at org.apache.catalina.connector.CoyoteAdapter.asyncDispatch(CoyoteAdapter.java:237)
	at org.apache.coyote.AbstractProcessor.dispatch(AbstractProcessor.java:243)
	at org.apache.coyote.AbstractProcessorLight.process(AbstractProcessorLight.java:57)
	at org.apache.coyote.AbstractProtocol$ConnectionHandler.process(AbstractProtocol.java:903)
	at org.apache.tomcat.util.net.NioEndpoint$SocketProcessor.doRun(NioEndpoint.java:1774)
	at org.apache.tomcat.util.net.SocketProcessorBase.run(SocketProcessorBase.java:52)
	at org.apache.tomcat.util.threads.ThreadPoolExecutor.runWorker(ThreadPoolExecutor.java:973)
	at org.apache.tomcat.util.threads.ThreadPoolExecutor$Worker.run(ThreadPoolExecutor.java:491)
	at org.apache.tomcat.util.threads.TaskThread$WrappingRunnable.run(TaskThread.java:63)
	at java.base/java.lang.Thread.run(Thread.java:1474)
Caused by: org.springframework.security.authorization.AuthorizationDeniedException: Access Denied
	at org.springframework.security.web.access.intercept.AuthorizationFilter.doFilter(AuthorizationFilter.java:99)
	at org.springframework.security.web.FilterChainProxy$VirtualFilterChain.doFilter(FilterChainProxy.java:374)
	at org.springframework.security.web.access.ExceptionTranslationFilter.doFilter(ExceptionTranslationFilter.java:125)
	... 69 common frames omitted

2026-04-28T15:37:30.534+08:00  INFO 25811 --- [SpringApplicationShutdownHook] o.s.b.w.e.tomcat.GracefulShutdown        : Commencing graceful shutdown. Waiting for active requests to complete
2026-04-28T15:37:30.538+08:00  INFO 25811 --- [tomcat-shutdown] o.s.b.w.e.tomcat.GracefulShutdown        : Graceful shutdown complete
2026-04-28T15:43:47.470+08:00  INFO 25873 --- [main] c.g.GoldNexusBackendApplication          : Starting GoldNexusBackendApplication using Java 25.0.2 with PID 25873 (/Users/surge/code/java/GoldNexusBackend/target/classes started by surge in /Users/surge/code/java/GoldNexusBackend)
2026-04-28T15:43:47.470+08:00  INFO 25873 --- [main] c.g.GoldNexusBackendApplication          : No active profile set, falling back to 1 default profile: "default"
2026-04-28T15:43:47.809+08:00  INFO 25873 --- [main] o.s.b.w.embedded.tomcat.TomcatWebServer  : Tomcat initialized with port 8080 (http)
2026-04-28T15:43:47.813+08:00  INFO 25873 --- [main] o.apache.catalina.core.StandardService   : Starting service [Tomcat]
2026-04-28T15:43:47.813+08:00  INFO 25873 --- [main] o.apache.catalina.core.StandardEngine    : Starting Servlet engine: [Apache Tomcat/10.1.50]
2026-04-28T15:43:47.823+08:00  INFO 25873 --- [main] o.a.c.c.C.[Tomcat].[localhost].[/]       : Initializing Spring embedded WebApplicationContext
2026-04-28T15:43:47.823+08:00  INFO 25873 --- [main] w.s.c.ServletWebServerApplicationContext : Root WebApplicationContext: initialization completed in 338 ms
2026-04-28T15:43:48.033+08:00  INFO 25873 --- [main] r$InitializeUserDetailsManagerConfigurer : Global AuthenticationManager configured with UserDetailsService bean with name userService
2026-04-28T15:43:48.120+08:00  INFO 25873 --- [main] o.s.b.w.embedded.tomcat.TomcatWebServer  : Tomcat started on port 8080 (http) with context path '/'
2026-04-28T15:43:48.124+08:00  INFO 25873 --- [main] c.g.GoldNexusBackendApplication          : Started GoldNexusBackendApplication in 0.816 seconds (process running for 0.973)
2026-04-28T15:43:53.984+08:00  INFO 25873 --- [http-nio-8080-exec-2] o.a.c.c.C.[Tomcat].[localhost].[/]       : Initializing Spring DispatcherServlet 'dispatcherServlet'
2026-04-28T15:43:53.984+08:00  INFO 25873 --- [http-nio-8080-exec-2] o.s.web.servlet.DispatcherServlet        : Initializing Servlet 'dispatcherServlet'
2026-04-28T15:43:53.985+08:00  INFO 25873 --- [http-nio-8080-exec-2] o.s.web.servlet.DispatcherServlet        : Completed initialization in 0 ms
2026-04-28T15:43:54.016+08:00  INFO 25873 --- [http-nio-8080-exec-2] c.g.filter.JwtAuthenticationFilter       : 当前请求用户--权限： USER id: 1
2026-04-28T15:43:54.028+08:00  INFO 25873 --- [http-nio-8080-exec-2] c.g.config.SecurityConfiguration         : 已拦截未登录请求
2026-04-28T15:43:54.028+08:00  INFO 25873 --- [http-nio-8080-exec-2] c.g.config.SecurityConfiguration         : Full authentication is required to access this resource
2026-04-28T15:44:05.846+08:00  INFO 25873 --- [SpringApplicationShutdownHook] o.s.b.w.e.tomcat.GracefulShutdown        : Commencing graceful shutdown. Waiting for active requests to complete
2026-04-28T15:44:05.851+08:00  INFO 25873 --- [tomcat-shutdown] o.s.b.w.e.tomcat.GracefulShutdown        : Graceful shutdown complete
2026-04-28T15:44:11.000+08:00  INFO 25885 --- [main] c.g.GoldNexusBackendApplication          : Starting GoldNexusBackendApplication using Java 25.0.2 with PID 25885 (/Users/surge/code/java/GoldNexusBackend/target/classes started by surge in /Users/surge/code/java/GoldNexusBackend)
2026-04-28T15:44:11.000+08:00  INFO 25885 --- [main] c.g.GoldNexusBackendApplication          : No active profile set, falling back to 1 default profile: "default"
2026-04-28T15:44:11.329+08:00  INFO 25885 --- [main] o.s.b.w.embedded.tomcat.TomcatWebServer  : Tomcat initialized with port 8080 (http)
2026-04-28T15:44:11.333+08:00  INFO 25885 --- [main] o.apache.catalina.core.StandardService   : Starting service [Tomcat]
2026-04-28T15:44:11.333+08:00  INFO 25885 --- [main] o.apache.catalina.core.StandardEngine    : Starting Servlet engine: [Apache Tomcat/10.1.50]
2026-04-28T15:44:11.345+08:00  INFO 25885 --- [main] o.a.c.c.C.[Tomcat].[localhost].[/]       : Initializing Spring embedded WebApplicationContext
2026-04-28T15:44:11.345+08:00  INFO 25885 --- [main] w.s.c.ServletWebServerApplicationContext : Root WebApplicationContext: initialization completed in 332 ms
2026-04-28T15:44:11.549+08:00  INFO 25885 --- [main] r$InitializeUserDetailsManagerConfigurer : Global AuthenticationManager configured with UserDetailsService bean with name userService
2026-04-28T15:44:11.637+08:00  INFO 25885 --- [main] o.s.b.w.embedded.tomcat.TomcatWebServer  : Tomcat started on port 8080 (http) with context path '/'
2026-04-28T15:44:11.641+08:00  INFO 25885 --- [main] c.g.GoldNexusBackendApplication          : Started GoldNexusBackendApplication in 0.79 seconds (process running for 0.949)
2026-04-28T15:44:13.697+08:00  INFO 25885 --- [http-nio-8080-exec-2] o.a.c.c.C.[Tomcat].[localhost].[/]       : Initializing Spring DispatcherServlet 'dispatcherServlet'
2026-04-28T15:44:13.697+08:00  INFO 25885 --- [http-nio-8080-exec-2] o.s.web.servlet.DispatcherServlet        : Initializing Servlet 'dispatcherServlet'
2026-04-28T15:44:13.698+08:00  INFO 25885 --- [http-nio-8080-exec-2] o.s.web.servlet.DispatcherServlet        : Completed initialization in 1 ms
2026-04-28T15:44:13.734+08:00  INFO 25885 --- [http-nio-8080-exec-2] c.g.filter.JwtAuthenticationFilter       : 当前请求用户--权限： USER id: 1
2026-04-28T15:44:46.564+08:00 ERROR 25885 --- [http-nio-8080-exec-3] o.a.c.c.C.[.[.[/].[dispatcherServlet]    : Servlet.service() for servlet [dispatcherServlet] threw exception

org.springframework.security.authorization.AuthorizationDeniedException: Access Denied
	at org.springframework.security.web.access.intercept.AuthorizationFilter.doFilter(AuthorizationFilter.java:99)
	at org.springframework.security.web.FilterChainProxy$VirtualFilterChain.doFilter(FilterChainProxy.java:374)
	at org.springframework.security.web.access.ExceptionTranslationFilter.doFilter(ExceptionTranslationFilter.java:125)
	at org.springframework.security.web.access.ExceptionTranslationFilter.doFilter(ExceptionTranslationFilter.java:119)
	at org.springframework.security.web.FilterChainProxy$VirtualFilterChain.doFilter(FilterChainProxy.java:374)
	at org.springframework.security.web.session.SessionManagementFilter.doFilter(SessionManagementFilter.java:91)
	at org.springframework.security.web.session.SessionManagementFilter.doFilter(SessionManagementFilter.java:85)
	at org.springframework.security.web.FilterChainProxy$VirtualFilterChain.doFilter(FilterChainProxy.java:374)
	at org.springframework.security.web.authentication.AnonymousAuthenticationFilter.doFilter(AnonymousAuthenticationFilter.java:100)
	at org.springframework.security.web.FilterChainProxy$VirtualFilterChain.doFilter(FilterChainProxy.java:374)
	at org.springframework.security.web.servletapi.SecurityContextHolderAwareRequestFilter.doFilter(SecurityContextHolderAwareRequestFilter.java:179)
	at org.springframework.security.web.FilterChainProxy$VirtualFilterChain.doFilter(FilterChainProxy.java:374)
	at org.springframework.security.web.savedrequest.RequestCacheAwareFilter.doFilter(RequestCacheAwareFilter.java:63)
	at org.springframework.security.web.FilterChainProxy$VirtualFilterChain.doFilter(FilterChainProxy.java:374)
	at org.springframework.web.filter.OncePerRequestFilter.doFilter(OncePerRequestFilter.java:101)
	at org.springframework.security.web.FilterChainProxy$VirtualFilterChain.doFilter(FilterChainProxy.java:374)
	at org.springframework.web.filter.OncePerRequestFilter.doFilter(OncePerRequestFilter.java:101)
	at org.springframework.security.web.FilterChainProxy$VirtualFilterChain.doFilter(FilterChainProxy.java:374)
	at org.springframework.web.filter.OncePerRequestFilter.doFilter(OncePerRequestFilter.java:101)
	at org.springframework.security.web.FilterChainProxy$VirtualFilterChain.doFilter(FilterChainProxy.java:374)
	at org.springframework.security.web.context.SecurityContextHolderFilter.doFilter(SecurityContextHolderFilter.java:82)
	at org.springframework.security.web.context.SecurityContextHolderFilter.doFilter(SecurityContextHolderFilter.java:69)
	at org.springframework.security.web.FilterChainProxy$VirtualFilterChain.doFilter(FilterChainProxy.java:374)
	at org.springframework.web.filter.OncePerRequestFilter.doFilter(OncePerRequestFilter.java:101)
	at org.springframework.security.web.FilterChainProxy$VirtualFilterChain.doFilter(FilterChainProxy.java:374)
	at org.springframework.web.filter.OncePerRequestFilter.doFilter(OncePerRequestFilter.java:101)
	at org.springframework.security.web.FilterChainProxy$VirtualFilterChain.doFilter(FilterChainProxy.java:374)
	at org.springframework.security.web.FilterChainProxy.doFilterInternal(FilterChainProxy.java:233)
	at org.springframework.security.web.FilterChainProxy.doFilter(FilterChainProxy.java:191)
	at org.springframework.web.filter.CompositeFilter$VirtualFilterChain.doFilter(CompositeFilter.java:113)
	at org.springframework.web.filter.ServletRequestPathFilter.doFilter(ServletRequestPathFilter.java:52)
	at org.springframework.web.filter.CompositeFilter$VirtualFilterChain.doFilter(CompositeFilter.java:113)
	at org.springframework.web.filter.CompositeFilter.doFilter(CompositeFilter.java:74)
	at org.springframework.security.config.annotation.web.configuration.WebSecurityConfiguration$CompositeFilterChainProxy.doFilter(WebSecurityConfiguration.java:319)
	at org.springframework.web.filter.CompositeFilter$VirtualFilterChain.doFilter(CompositeFilter.java:113)
	at org.springframework.web.servlet.handler.HandlerMappingIntrospector.lambda$createCacheFilter$4(HandlerMappingIntrospector.java:267)
	at org.springframework.web.filter.CompositeFilter$VirtualFilterChain.doFilter(CompositeFilter.java:113)
	at org.springframework.web.filter.CompositeFilter.doFilter(CompositeFilter.java:74)
	at org.springframework.security.config.annotation.web.configuration.WebMvcSecurityConfiguration$CompositeFilterChainProxy.doFilter(WebMvcSecurityConfiguration.java:240)
	at org.springframework.web.filter.DelegatingFilterProxy.invokeDelegate(DelegatingFilterProxy.java:362)
	at org.springframework.web.filter.DelegatingFilterProxy.doFilter(DelegatingFilterProxy.java:278)
	at org.apache.catalina.core.ApplicationFilterChain.internalDoFilter(ApplicationFilterChain.java:162)
	at org.apache.catalina.core.ApplicationFilterChain.doFilter(ApplicationFilterChain.java:138)
	at org.springframework.web.filter.RequestContextFilter.doFilterInternal(RequestContextFilter.java:100)
	at org.springframework.web.filter.OncePerRequestFilter.doFilter(OncePerRequestFilter.java:116)
	at org.apache.catalina.core.ApplicationFilterChain.internalDoFilter(ApplicationFilterChain.java:162)
	at org.apache.catalina.core.ApplicationFilterChain.doFilter(ApplicationFilterChain.java:138)
	at org.springframework.web.filter.OncePerRequestFilter.doFilter(OncePerRequestFilter.java:101)
	at org.apache.catalina.core.ApplicationFilterChain.internalDoFilter(ApplicationFilterChain.java:162)
	at org.apache.catalina.core.ApplicationFilterChain.doFilter(ApplicationFilterChain.java:138)
	at org.springframework.web.filter.OncePerRequestFilter.doFilter(OncePerRequestFilter.java:101)
	at org.apache.catalina.core.ApplicationFilterChain.internalDoFilter(ApplicationFilterChain.java:162)
	at org.apache.catalina.core.ApplicationFilterChain.doFilter(ApplicationFilterChain.java:138)
	at org.apache.catalina.core.ApplicationDispatcher.invoke(ApplicationDispatcher.java:610)
	at org.apache.catalina.core.ApplicationDispatcher.doDispatch(ApplicationDispatcher.java:538)
	at org.apache.catalina.core.ApplicationDispatcher.dispatch(ApplicationDispatcher.java:509)
	at org.apache.catalina.core.AsyncContextImpl$AsyncRunnable.run(AsyncContextImpl.java:599)
	at org.apache.catalina.core.AsyncContextImpl.doInternalDispatch(AsyncContextImpl.java:342)
	at org.apache.catalina.core.StandardWrapperValve.invoke(StandardWrapperValve.java:163)
	at org.apache.catalina.core.StandardContextValve.invoke(StandardContextValve.java:88)
	at org.apache.catalina.authenticator.AuthenticatorBase.invoke(AuthenticatorBase.java:482)
	at org.apache.catalina.core.StandardHostValve.invoke(StandardHostValve.java:113)
	at org.apache.catalina.valves.ErrorReportValve.invoke(ErrorReportValve.java:83)
	at org.apache.catalina.core.StandardEngineValve.invoke(StandardEngineValve.java:72)
	at org.apache.catalina.connector.CoyoteAdapter.asyncDispatch(CoyoteAdapter.java:237)
	at org.apache.coyote.AbstractProcessor.dispatch(AbstractProcessor.java:243)
	at org.apache.coyote.AbstractProcessorLight.process(AbstractProcessorLight.java:57)
	at org.apache.coyote.AbstractProtocol$ConnectionHandler.process(AbstractProtocol.java:903)
	at org.apache.tomcat.util.net.NioEndpoint$SocketProcessor.doRun(NioEndpoint.java:1774)
	at org.apache.tomcat.util.net.SocketProcessorBase.run(SocketProcessorBase.java:52)
	at org.apache.tomcat.util.threads.ThreadPoolExecutor.runWorker(ThreadPoolExecutor.java:973)
	at org.apache.tomcat.util.threads.ThreadPoolExecutor$Worker.run(ThreadPoolExecutor.java:491)
	at org.apache.tomcat.util.threads.TaskThread$WrappingRunnable.run(TaskThread.java:63)
	at java.base/java.lang.Thread.run(Thread.java:1474)

2026-04-28T15:44:46.566+08:00 ERROR 25885 --- [http-nio-8080-exec-3] o.a.c.c.C.[.[.[/].[dispatcherServlet]    : Servlet.service() for servlet [dispatcherServlet] in context with path [] threw exception [Unable to handle the Spring Security Exception because the response is already committed.] with root cause

org.springframework.security.authorization.AuthorizationDeniedException: Access Denied
	at org.springframework.security.web.access.intercept.AuthorizationFilter.doFilter(AuthorizationFilter.java:99)
	at org.springframework.security.web.FilterChainProxy$VirtualFilterChain.doFilter(FilterChainProxy.java:374)
	at org.springframework.security.web.access.ExceptionTranslationFilter.doFilter(ExceptionTranslationFilter.java:125)
	at org.springframework.security.web.access.ExceptionTranslationFilter.doFilter(ExceptionTranslationFilter.java:119)
	at org.springframework.security.web.FilterChainProxy$VirtualFilterChain.doFilter(FilterChainProxy.java:374)
	at org.springframework.security.web.session.SessionManagementFilter.doFilter(SessionManagementFilter.java:91)
	at org.springframework.security.web.session.SessionManagementFilter.doFilter(SessionManagementFilter.java:85)
	at org.springframework.security.web.FilterChainProxy$VirtualFilterChain.doFilter(FilterChainProxy.java:374)
	at org.springframework.security.web.authentication.AnonymousAuthenticationFilter.doFilter(AnonymousAuthenticationFilter.java:100)
	at org.springframework.security.web.FilterChainProxy$VirtualFilterChain.doFilter(FilterChainProxy.java:374)
	at org.springframework.security.web.servletapi.SecurityContextHolderAwareRequestFilter.doFilter(SecurityContextHolderAwareRequestFilter.java:179)
	at org.springframework.security.web.FilterChainProxy$VirtualFilterChain.doFilter(FilterChainProxy.java:374)
	at org.springframework.security.web.savedrequest.RequestCacheAwareFilter.doFilter(RequestCacheAwareFilter.java:63)
	at org.springframework.security.web.FilterChainProxy$VirtualFilterChain.doFilter(FilterChainProxy.java:374)
	at org.springframework.web.filter.OncePerRequestFilter.doFilter(OncePerRequestFilter.java:101)
	at org.springframework.security.web.FilterChainProxy$VirtualFilterChain.doFilter(FilterChainProxy.java:374)
	at org.springframework.web.filter.OncePerRequestFilter.doFilter(OncePerRequestFilter.java:101)
	at org.springframework.security.web.FilterChainProxy$VirtualFilterChain.doFilter(FilterChainProxy.java:374)
	at org.springframework.web.filter.OncePerRequestFilter.doFilter(OncePerRequestFilter.java:101)
	at org.springframework.security.web.FilterChainProxy$VirtualFilterChain.doFilter(FilterChainProxy.java:374)
	at org.springframework.security.web.context.SecurityContextHolderFilter.doFilter(SecurityContextHolderFilter.java:82)
	at org.springframework.security.web.context.SecurityContextHolderFilter.doFilter(SecurityContextHolderFilter.java:69)
	at org.springframework.security.web.FilterChainProxy$VirtualFilterChain.doFilter(FilterChainProxy.java:374)
	at org.springframework.web.filter.OncePerRequestFilter.doFilter(OncePerRequestFilter.java:101)
	at org.springframework.security.web.FilterChainProxy$VirtualFilterChain.doFilter(FilterChainProxy.java:374)
	at org.springframework.web.filter.OncePerRequestFilter.doFilter(OncePerRequestFilter.java:101)
	at org.springframework.security.web.FilterChainProxy$VirtualFilterChain.doFilter(FilterChainProxy.java:374)
	at org.springframework.security.web.FilterChainProxy.doFilterInternal(FilterChainProxy.java:233)
	at org.springframework.security.web.FilterChainProxy.doFilter(FilterChainProxy.java:191)
	at org.springframework.web.filter.CompositeFilter$VirtualFilterChain.doFilter(CompositeFilter.java:113)
	at org.springframework.web.filter.ServletRequestPathFilter.doFilter(ServletRequestPathFilter.java:52)
	at org.springframework.web.filter.CompositeFilter$VirtualFilterChain.doFilter(CompositeFilter.java:113)
	at org.springframework.web.filter.CompositeFilter.doFilter(CompositeFilter.java:74)
	at org.springframework.security.config.annotation.web.configuration.WebSecurityConfiguration$CompositeFilterChainProxy.doFilter(WebSecurityConfiguration.java:319)
	at org.springframework.web.filter.CompositeFilter$VirtualFilterChain.doFilter(CompositeFilter.java:113)
	at org.springframework.web.servlet.handler.HandlerMappingIntrospector.lambda$createCacheFilter$4(HandlerMappingIntrospector.java:267)
	at org.springframework.web.filter.CompositeFilter$VirtualFilterChain.doFilter(CompositeFilter.java:113)
	at org.springframework.web.filter.CompositeFilter.doFilter(CompositeFilter.java:74)
	at org.springframework.security.config.annotation.web.configuration.WebMvcSecurityConfiguration$CompositeFilterChainProxy.doFilter(WebMvcSecurityConfiguration.java:240)
	at org.springframework.web.filter.DelegatingFilterProxy.invokeDelegate(DelegatingFilterProxy.java:362)
	at org.springframework.web.filter.DelegatingFilterProxy.doFilter(DelegatingFilterProxy.java:278)
	at org.apache.catalina.core.ApplicationFilterChain.internalDoFilter(ApplicationFilterChain.java:162)
	at org.apache.catalina.core.ApplicationFilterChain.doFilter(ApplicationFilterChain.java:138)
	at org.springframework.web.filter.RequestContextFilter.doFilterInternal(RequestContextFilter.java:100)
	at org.springframework.web.filter.OncePerRequestFilter.doFilter(OncePerRequestFilter.java:116)
	at org.apache.catalina.core.ApplicationFilterChain.internalDoFilter(ApplicationFilterChain.java:162)
	at org.apache.catalina.core.ApplicationFilterChain.doFilter(ApplicationFilterChain.java:138)
	at org.springframework.web.filter.OncePerRequestFilter.doFilter(OncePerRequestFilter.java:101)
	at org.apache.catalina.core.ApplicationFilterChain.internalDoFilter(ApplicationFilterChain.java:162)
	at org.apache.catalina.core.ApplicationFilterChain.doFilter(ApplicationFilterChain.java:138)
	at org.springframework.web.filter.OncePerRequestFilter.doFilter(OncePerRequestFilter.java:101)
	at org.apache.catalina.core.ApplicationFilterChain.internalDoFilter(ApplicationFilterChain.java:162)
	at org.apache.catalina.core.ApplicationFilterChain.doFilter(ApplicationFilterChain.java:138)
	at org.apache.catalina.core.ApplicationDispatcher.invoke(ApplicationDispatcher.java:610)
	at org.apache.catalina.core.ApplicationDispatcher.doDispatch(ApplicationDispatcher.java:538)
	at org.apache.catalina.core.ApplicationDispatcher.dispatch(ApplicationDispatcher.java:509)
	at org.apache.catalina.core.AsyncContextImpl$AsyncRunnable.run(AsyncContextImpl.java:599)
	at org.apache.catalina.core.AsyncContextImpl.doInternalDispatch(AsyncContextImpl.java:342)
	at org.apache.catalina.core.StandardWrapperValve.invoke(StandardWrapperValve.java:163)
	at org.apache.catalina.core.StandardContextValve.invoke(StandardContextValve.java:88)
	at org.apache.catalina.authenticator.AuthenticatorBase.invoke(AuthenticatorBase.java:482)
	at org.apache.catalina.core.StandardHostValve.invoke(StandardHostValve.java:113)
	at org.apache.catalina.valves.ErrorReportValve.invoke(ErrorReportValve.java:83)
	at org.apache.catalina.core.StandardEngineValve.invoke(StandardEngineValve.java:72)
	at org.apache.catalina.connector.CoyoteAdapter.asyncDispatch(CoyoteAdapter.java:237)
	at org.apache.coyote.AbstractProcessor.dispatch(AbstractProcessor.java:243)
	at org.apache.coyote.AbstractProcessorLight.process(AbstractProcessorLight.java:57)
	at org.apache.coyote.AbstractProtocol$ConnectionHandler.process(AbstractProtocol.java:903)
	at org.apache.tomcat.util.net.NioEndpoint$SocketProcessor.doRun(NioEndpoint.java:1774)
	at org.apache.tomcat.util.net.SocketProcessorBase.run(SocketProcessorBase.java:52)
	at org.apache.tomcat.util.threads.ThreadPoolExecutor.runWorker(ThreadPoolExecutor.java:973)
	at org.apache.tomcat.util.threads.ThreadPoolExecutor$Worker.run(ThreadPoolExecutor.java:491)
	at org.apache.tomcat.util.threads.TaskThread$WrappingRunnable.run(TaskThread.java:63)
	at java.base/java.lang.Thread.run(Thread.java:1474)

2026-04-28T15:44:46.568+08:00 ERROR 25885 --- [http-nio-8080-exec-3] o.a.c.c.C.[.[.[/].[dispatcherServlet]    : Servlet.service() for servlet [dispatcherServlet] threw exception

org.springframework.security.authorization.AuthorizationDeniedException: Access Denied
	at org.springframework.security.web.access.intercept.AuthorizationFilter.doFilter(AuthorizationFilter.java:99)
	at org.springframework.security.web.FilterChainProxy$VirtualFilterChain.doFilter(FilterChainProxy.java:374)
	at org.springframework.security.web.access.ExceptionTranslationFilter.doFilter(ExceptionTranslationFilter.java:125)
	at org.springframework.security.web.access.ExceptionTranslationFilter.doFilter(ExceptionTranslationFilter.java:119)
	at org.springframework.security.web.FilterChainProxy$VirtualFilterChain.doFilter(FilterChainProxy.java:374)
	at org.springframework.security.web.session.SessionManagementFilter.doFilter(SessionManagementFilter.java:91)
	at org.springframework.security.web.session.SessionManagementFilter.doFilter(SessionManagementFilter.java:85)
	at org.springframework.security.web.FilterChainProxy$VirtualFilterChain.doFilter(FilterChainProxy.java:374)
	at org.springframework.security.web.authentication.AnonymousAuthenticationFilter.doFilter(AnonymousAuthenticationFilter.java:100)
	at org.springframework.security.web.FilterChainProxy$VirtualFilterChain.doFilter(FilterChainProxy.java:374)
	at org.springframework.security.web.servletapi.SecurityContextHolderAwareRequestFilter.doFilter(SecurityContextHolderAwareRequestFilter.java:179)
	at org.springframework.security.web.FilterChainProxy$VirtualFilterChain.doFilter(FilterChainProxy.java:374)
	at org.springframework.security.web.savedrequest.RequestCacheAwareFilter.doFilter(RequestCacheAwareFilter.java:63)
	at org.springframework.security.web.FilterChainProxy$VirtualFilterChain.doFilter(FilterChainProxy.java:374)
	at org.springframework.web.filter.OncePerRequestFilter.doFilter(OncePerRequestFilter.java:101)
	at org.springframework.security.web.FilterChainProxy$VirtualFilterChain.doFilter(FilterChainProxy.java:374)
	at org.springframework.web.filter.OncePerRequestFilter.doFilter(OncePerRequestFilter.java:101)
	at org.springframework.security.web.FilterChainProxy$VirtualFilterChain.doFilter(FilterChainProxy.java:374)
	at org.springframework.web.filter.OncePerRequestFilter.doFilter(OncePerRequestFilter.java:101)
	at org.springframework.security.web.FilterChainProxy$VirtualFilterChain.doFilter(FilterChainProxy.java:374)
	at org.springframework.security.web.context.SecurityContextHolderFilter.doFilter(SecurityContextHolderFilter.java:82)
	at org.springframework.security.web.context.SecurityContextHolderFilter.doFilter(SecurityContextHolderFilter.java:69)
	at org.springframework.security.web.FilterChainProxy$VirtualFilterChain.doFilter(FilterChainProxy.java:374)
	at org.springframework.web.filter.OncePerRequestFilter.doFilter(OncePerRequestFilter.java:101)
	at org.springframework.security.web.FilterChainProxy$VirtualFilterChain.doFilter(FilterChainProxy.java:374)
	at org.springframework.web.filter.OncePerRequestFilter.doFilter(OncePerRequestFilter.java:101)
	at org.springframework.security.web.FilterChainProxy$VirtualFilterChain.doFilter(FilterChainProxy.java:374)
	at org.springframework.security.web.FilterChainProxy.doFilterInternal(FilterChainProxy.java:233)
	at org.springframework.security.web.FilterChainProxy.doFilter(FilterChainProxy.java:191)
	at org.springframework.web.filter.CompositeFilter$VirtualFilterChain.doFilter(CompositeFilter.java:113)
	at org.springframework.web.filter.ServletRequestPathFilter.doFilter(ServletRequestPathFilter.java:52)
	at org.springframework.web.filter.CompositeFilter$VirtualFilterChain.doFilter(CompositeFilter.java:113)
	at org.springframework.web.filter.CompositeFilter.doFilter(CompositeFilter.java:74)
	at org.springframework.security.config.annotation.web.configuration.WebSecurityConfiguration$CompositeFilterChainProxy.doFilter(WebSecurityConfiguration.java:319)
	at org.springframework.web.filter.CompositeFilter$VirtualFilterChain.doFilter(CompositeFilter.java:113)
	at org.springframework.web.servlet.handler.HandlerMappingIntrospector.lambda$createCacheFilter$4(HandlerMappingIntrospector.java:267)
	at org.springframework.web.filter.CompositeFilter$VirtualFilterChain.doFilter(CompositeFilter.java:113)
	at org.springframework.web.filter.CompositeFilter.doFilter(CompositeFilter.java:74)
	at org.springframework.security.config.annotation.web.configuration.WebMvcSecurityConfiguration$CompositeFilterChainProxy.doFilter(WebMvcSecurityConfiguration.java:240)
	at org.springframework.web.filter.DelegatingFilterProxy.invokeDelegate(DelegatingFilterProxy.java:362)
	at org.springframework.web.filter.DelegatingFilterProxy.doFilter(DelegatingFilterProxy.java:278)
	at org.apache.catalina.core.ApplicationFilterChain.internalDoFilter(ApplicationFilterChain.java:162)
	at org.apache.catalina.core.ApplicationFilterChain.doFilter(ApplicationFilterChain.java:138)
	at org.springframework.web.filter.RequestContextFilter.doFilterInternal(RequestContextFilter.java:100)
	at org.springframework.web.filter.OncePerRequestFilter.doFilter(OncePerRequestFilter.java:116)
	at org.apache.catalina.core.ApplicationFilterChain.internalDoFilter(ApplicationFilterChain.java:162)
	at org.apache.catalina.core.ApplicationFilterChain.doFilter(ApplicationFilterChain.java:138)
	at org.springframework.web.filter.OncePerRequestFilter.doFilter(OncePerRequestFilter.java:101)
	at org.apache.catalina.core.ApplicationFilterChain.internalDoFilter(ApplicationFilterChain.java:162)
	at org.apache.catalina.core.ApplicationFilterChain.doFilter(ApplicationFilterChain.java:138)
	at org.springframework.web.filter.OncePerRequestFilter.doFilter(OncePerRequestFilter.java:101)
	at org.apache.catalina.core.ApplicationFilterChain.internalDoFilter(ApplicationFilterChain.java:162)
	at org.apache.catalina.core.ApplicationFilterChain.doFilter(ApplicationFilterChain.java:138)
	at org.apache.catalina.core.ApplicationDispatcher.invoke(ApplicationDispatcher.java:610)
	at org.apache.catalina.core.ApplicationDispatcher.doInclude(ApplicationDispatcher.java:489)
	at org.apache.catalina.core.ApplicationDispatcher.include(ApplicationDispatcher.java:437)
	at org.apache.catalina.core.StandardHostValve.custom(StandardHostValve.java:355)
	at org.apache.catalina.core.StandardHostValve.status(StandardHostValve.java:206)
	at org.apache.catalina.core.StandardHostValve.throwable(StandardHostValve.java:283)
	at org.apache.catalina.core.StandardHostValve.invoke(StandardHostValve.java:147)
	at org.apache.catalina.valves.ErrorReportValve.invoke(ErrorReportValve.java:83)
	at org.apache.catalina.core.StandardEngineValve.invoke(StandardEngineValve.java:72)
	at org.apache.catalina.connector.CoyoteAdapter.asyncDispatch(CoyoteAdapter.java:237)
	at org.apache.coyote.AbstractProcessor.dispatch(AbstractProcessor.java:243)
	at org.apache.coyote.AbstractProcessorLight.process(AbstractProcessorLight.java:57)
	at org.apache.coyote.AbstractProtocol$ConnectionHandler.process(AbstractProtocol.java:903)
	at org.apache.tomcat.util.net.NioEndpoint$SocketProcessor.doRun(NioEndpoint.java:1774)
	at org.apache.tomcat.util.net.SocketProcessorBase.run(SocketProcessorBase.java:52)
	at org.apache.tomcat.util.threads.ThreadPoolExecutor.runWorker(ThreadPoolExecutor.java:973)
	at org.apache.tomcat.util.threads.ThreadPoolExecutor$Worker.run(ThreadPoolExecutor.java:491)
	at org.apache.tomcat.util.threads.TaskThread$WrappingRunnable.run(TaskThread.java:63)
	at java.base/java.lang.Thread.run(Thread.java:1474)

2026-04-28T15:44:46.569+08:00 ERROR 25885 --- [http-nio-8080-exec-3] o.a.c.c.C.[Tomcat].[localhost]           : Exception Processing [ErrorPage[errorCode=0, location=/error]]

jakarta.servlet.ServletException: Unable to handle the Spring Security Exception because the response is already committed.
	at org.springframework.security.web.access.ExceptionTranslationFilter.doFilter(ExceptionTranslationFilter.java:143)
	at org.springframework.security.web.access.ExceptionTranslationFilter.doFilter(ExceptionTranslationFilter.java:119)
	at org.springframework.security.web.FilterChainProxy$VirtualFilterChain.doFilter(FilterChainProxy.java:374)
	at org.springframework.security.web.session.SessionManagementFilter.doFilter(SessionManagementFilter.java:91)
	at org.springframework.security.web.session.SessionManagementFilter.doFilter(SessionManagementFilter.java:85)
	at org.springframework.security.web.FilterChainProxy$VirtualFilterChain.doFilter(FilterChainProxy.java:374)
	at org.springframework.security.web.authentication.AnonymousAuthenticationFilter.doFilter(AnonymousAuthenticationFilter.java:100)
	at org.springframework.security.web.FilterChainProxy$VirtualFilterChain.doFilter(FilterChainProxy.java:374)
	at org.springframework.security.web.servletapi.SecurityContextHolderAwareRequestFilter.doFilter(SecurityContextHolderAwareRequestFilter.java:179)
	at org.springframework.security.web.FilterChainProxy$VirtualFilterChain.doFilter(FilterChainProxy.java:374)
	at org.springframework.security.web.savedrequest.RequestCacheAwareFilter.doFilter(RequestCacheAwareFilter.java:63)
	at org.springframework.security.web.FilterChainProxy$VirtualFilterChain.doFilter(FilterChainProxy.java:374)
	at org.springframework.web.filter.OncePerRequestFilter.doFilter(OncePerRequestFilter.java:101)
	at org.springframework.security.web.FilterChainProxy$VirtualFilterChain.doFilter(FilterChainProxy.java:374)
	at org.springframework.web.filter.OncePerRequestFilter.doFilter(OncePerRequestFilter.java:101)
	at org.springframework.security.web.FilterChainProxy$VirtualFilterChain.doFilter(FilterChainProxy.java:374)
	at org.springframework.web.filter.OncePerRequestFilter.doFilter(OncePerRequestFilter.java:101)
	at org.springframework.security.web.FilterChainProxy$VirtualFilterChain.doFilter(FilterChainProxy.java:374)
	at org.springframework.security.web.context.SecurityContextHolderFilter.doFilter(SecurityContextHolderFilter.java:82)
	at org.springframework.security.web.context.SecurityContextHolderFilter.doFilter(SecurityContextHolderFilter.java:69)
	at org.springframework.security.web.FilterChainProxy$VirtualFilterChain.doFilter(FilterChainProxy.java:374)
	at org.springframework.web.filter.OncePerRequestFilter.doFilter(OncePerRequestFilter.java:101)
	at org.springframework.security.web.FilterChainProxy$VirtualFilterChain.doFilter(FilterChainProxy.java:374)
	at org.springframework.web.filter.OncePerRequestFilter.doFilter(OncePerRequestFilter.java:101)
	at org.springframework.security.web.FilterChainProxy$VirtualFilterChain.doFilter(FilterChainProxy.java:374)
	at org.springframework.security.web.FilterChainProxy.doFilterInternal(FilterChainProxy.java:233)
	at org.springframework.security.web.FilterChainProxy.doFilter(FilterChainProxy.java:191)
	at org.springframework.web.filter.CompositeFilter$VirtualFilterChain.doFilter(CompositeFilter.java:113)
	at org.springframework.web.filter.ServletRequestPathFilter.doFilter(ServletRequestPathFilter.java:52)
	at org.springframework.web.filter.CompositeFilter$VirtualFilterChain.doFilter(CompositeFilter.java:113)
	at org.springframework.web.filter.CompositeFilter.doFilter(CompositeFilter.java:74)
	at org.springframework.security.config.annotation.web.configuration.WebSecurityConfiguration$CompositeFilterChainProxy.doFilter(WebSecurityConfiguration.java:319)
	at org.springframework.web.filter.CompositeFilter$VirtualFilterChain.doFilter(CompositeFilter.java:113)
	at org.springframework.web.servlet.handler.HandlerMappingIntrospector.lambda$createCacheFilter$4(HandlerMappingIntrospector.java:267)
	at org.springframework.web.filter.CompositeFilter$VirtualFilterChain.doFilter(CompositeFilter.java:113)
	at org.springframework.web.filter.CompositeFilter.doFilter(CompositeFilter.java:74)
	at org.springframework.security.config.annotation.web.configuration.WebMvcSecurityConfiguration$CompositeFilterChainProxy.doFilter(WebMvcSecurityConfiguration.java:240)
	at org.springframework.web.filter.DelegatingFilterProxy.invokeDelegate(DelegatingFilterProxy.java:362)
	at org.springframework.web.filter.DelegatingFilterProxy.doFilter(DelegatingFilterProxy.java:278)
	at org.apache.catalina.core.ApplicationFilterChain.internalDoFilter(ApplicationFilterChain.java:162)
	at org.apache.catalina.core.ApplicationFilterChain.doFilter(ApplicationFilterChain.java:138)
	at org.springframework.web.filter.RequestContextFilter.doFilterInternal(RequestContextFilter.java:100)
	at org.springframework.web.filter.OncePerRequestFilter.doFilter(OncePerRequestFilter.java:116)
	at org.apache.catalina.core.ApplicationFilterChain.internalDoFilter(ApplicationFilterChain.java:162)
	at org.apache.catalina.core.ApplicationFilterChain.doFilter(ApplicationFilterChain.java:138)
	at org.springframework.web.filter.OncePerRequestFilter.doFilter(OncePerRequestFilter.java:101)
	at org.apache.catalina.core.ApplicationFilterChain.internalDoFilter(ApplicationFilterChain.java:162)
	at org.apache.catalina.core.ApplicationFilterChain.doFilter(ApplicationFilterChain.java:138)
	at org.springframework.web.filter.OncePerRequestFilter.doFilter(OncePerRequestFilter.java:101)
	at org.apache.catalina.core.ApplicationFilterChain.internalDoFilter(ApplicationFilterChain.java:162)
	at org.apache.catalina.core.ApplicationFilterChain.doFilter(ApplicationFilterChain.java:138)
	at org.apache.catalina.core.ApplicationDispatcher.invoke(ApplicationDispatcher.java:610)
	at org.apache.catalina.core.ApplicationDispatcher.doInclude(ApplicationDispatcher.java:489)
	at org.apache.catalina.core.ApplicationDispatcher.include(ApplicationDispatcher.java:437)
	at org.apache.catalina.core.StandardHostValve.custom(StandardHostValve.java:355)
	at org.apache.catalina.core.StandardHostValve.status(StandardHostValve.java:206)
	at org.apache.catalina.core.StandardHostValve.throwable(StandardHostValve.java:283)
	at org.apache.catalina.core.StandardHostValve.invoke(StandardHostValve.java:147)
	at org.apache.catalina.valves.ErrorReportValve.invoke(ErrorReportValve.java:83)
	at org.apache.catalina.core.StandardEngineValve.invoke(StandardEngineValve.java:72)
	at org.apache.catalina.connector.CoyoteAdapter.asyncDispatch(CoyoteAdapter.java:237)
	at org.apache.coyote.AbstractProcessor.dispatch(AbstractProcessor.java:243)
	at org.apache.coyote.AbstractProcessorLight.process(AbstractProcessorLight.java:57)
	at org.apache.coyote.AbstractProtocol$ConnectionHandler.process(AbstractProtocol.java:903)
	at org.apache.tomcat.util.net.NioEndpoint$SocketProcessor.doRun(NioEndpoint.java:1774)
	at org.apache.tomcat.util.net.SocketProcessorBase.run(SocketProcessorBase.java:52)
	at org.apache.tomcat.util.threads.ThreadPoolExecutor.runWorker(ThreadPoolExecutor.java:973)
	at org.apache.tomcat.util.threads.ThreadPoolExecutor$Worker.run(ThreadPoolExecutor.java:491)
	at org.apache.tomcat.util.threads.TaskThread$WrappingRunnable.run(TaskThread.java:63)
	at java.base/java.lang.Thread.run(Thread.java:1474)
Caused by: org.springframework.security.authorization.AuthorizationDeniedException: Access Denied
	at org.springframework.security.web.access.intercept.AuthorizationFilter.doFilter(AuthorizationFilter.java:99)
	at org.springframework.security.web.FilterChainProxy$VirtualFilterChain.doFilter(FilterChainProxy.java:374)
	at org.springframework.security.web.access.ExceptionTranslationFilter.doFilter(ExceptionTranslationFilter.java:125)
	... 69 common frames omitted

2026-04-28T15:45:24.786+08:00  INFO 25885 --- [SpringApplicationShutdownHook] o.s.b.w.e.tomcat.GracefulShutdown        : Commencing graceful shutdown. Waiting for active requests to complete
2026-04-28T15:45:24.790+08:00  INFO 25885 --- [tomcat-shutdown] o.s.b.w.e.tomcat.GracefulShutdown        : Graceful shutdown complete
2026-04-28T15:51:44.665+08:00  INFO 25991 --- [main] c.g.GoldNexusBackendApplication          : Starting GoldNexusBackendApplication using Java 25.0.2 with PID 25991 (/Users/surge/code/java/GoldNexusBackend/target/classes started by surge in /Users/surge/code/java/GoldNexusBackend)
2026-04-28T15:51:44.666+08:00  INFO 25991 --- [main] c.g.GoldNexusBackendApplication          : No active profile set, falling back to 1 default profile: "default"
2026-04-28T15:51:44.962+08:00  INFO 25991 --- [main] o.s.b.w.embedded.tomcat.TomcatWebServer  : Tomcat initialized with port 8080 (http)
2026-04-28T15:51:44.966+08:00  INFO 25991 --- [main] o.apache.catalina.core.StandardService   : Starting service [Tomcat]
2026-04-28T15:51:44.966+08:00  INFO 25991 --- [main] o.apache.catalina.core.StandardEngine    : Starting Servlet engine: [Apache Tomcat/10.1.50]
2026-04-28T15:51:44.975+08:00  INFO 25991 --- [main] o.a.c.c.C.[Tomcat].[localhost].[/]       : Initializing Spring embedded WebApplicationContext
2026-04-28T15:51:44.976+08:00  INFO 25991 --- [main] w.s.c.ServletWebServerApplicationContext : Root WebApplicationContext: initialization completed in 299 ms
2026-04-28T15:51:45.127+08:00  INFO 25991 --- [main] r$InitializeUserDetailsManagerConfigurer : Global AuthenticationManager configured with UserDetailsService bean with name userService
2026-04-28T15:51:45.207+08:00  INFO 25991 --- [main] o.s.b.w.embedded.tomcat.TomcatWebServer  : Tomcat started on port 8080 (http) with context path '/'
2026-04-28T15:51:45.211+08:00  INFO 25991 --- [main] c.g.GoldNexusBackendApplication          : Started GoldNexusBackendApplication in 0.699 seconds (process running for 0.855)
2026-04-28T15:51:58.588+08:00  INFO 25991 --- [http-nio-8080-exec-2] o.a.c.c.C.[Tomcat].[localhost].[/]       : Initializing Spring DispatcherServlet 'dispatcherServlet'
2026-04-28T15:51:58.588+08:00  INFO 25991 --- [http-nio-8080-exec-2] o.s.web.servlet.DispatcherServlet        : Initializing Servlet 'dispatcherServlet'
2026-04-28T15:51:58.589+08:00  INFO 25991 --- [http-nio-8080-exec-2] o.s.web.servlet.DispatcherServlet        : Completed initialization in 0 ms
2026-04-28T15:51:58.624+08:00  INFO 25991 --- [http-nio-8080-exec-2] c.g.filter.JwtAuthenticationFilter       : 当前请求用户--权限： USER id: 1
2026-04-28T15:52:42.740+08:00  INFO 25991 --- [SpringApplicationShutdownHook] o.s.b.w.e.tomcat.GracefulShutdown        : Commencing graceful shutdown. Waiting for active requests to complete
2026-04-28T15:52:42.745+08:00  INFO 25991 --- [tomcat-shutdown] o.s.b.w.e.tomcat.GracefulShutdown        : Graceful shutdown complete
2026-04-28T19:40:13.197+08:00  INFO 27113 --- [main] c.g.GoldNexusBackendApplication          : Starting GoldNexusBackendApplication using Java 25.0.2 with PID 27113 (/Users/surge/code/java/GoldNexusBackend/target/classes started by surge in /Users/surge/code/java/GoldNexusBackend)
2026-04-28T19:40:13.198+08:00  INFO 27113 --- [main] c.g.GoldNexusBackendApplication          : No active profile set, falling back to 1 default profile: "default"
2026-04-28T19:40:13.497+08:00  INFO 27113 --- [main] o.s.b.w.embedded.tomcat.TomcatWebServer  : Tomcat initialized with port 8080 (http)
2026-04-28T19:40:13.501+08:00  INFO 27113 --- [main] o.apache.catalina.core.StandardService   : Starting service [Tomcat]
2026-04-28T19:40:13.501+08:00  INFO 27113 --- [main] o.apache.catalina.core.StandardEngine    : Starting Servlet engine: [Apache Tomcat/10.1.50]
2026-04-28T19:40:13.511+08:00  INFO 27113 --- [main] o.a.c.c.C.[Tomcat].[localhost].[/]       : Initializing Spring embedded WebApplicationContext
2026-04-28T19:40:13.511+08:00  INFO 27113 --- [main] w.s.c.ServletWebServerApplicationContext : Root WebApplicationContext: initialization completed in 299 ms
2026-04-28T19:40:13.663+08:00  INFO 27113 --- [main] r$InitializeUserDetailsManagerConfigurer : Global AuthenticationManager configured with UserDetailsService bean with name userService
2026-04-28T19:40:13.741+08:00  INFO 27113 --- [main] o.s.b.w.embedded.tomcat.TomcatWebServer  : Tomcat started on port 8080 (http) with context path '/'
2026-04-28T19:40:13.745+08:00  INFO 27113 --- [main] c.g.GoldNexusBackendApplication          : Started GoldNexusBackendApplication in 0.711 seconds (process running for 0.883)
2026-04-28T19:41:16.000+08:00  INFO 27113 --- [http-nio-8080-exec-2] o.a.c.c.C.[Tomcat].[localhost].[/]       : Initializing Spring DispatcherServlet 'dispatcherServlet'
2026-04-28T19:41:16.001+08:00  INFO 27113 --- [http-nio-8080-exec-2] o.s.web.servlet.DispatcherServlet        : Initializing Servlet 'dispatcherServlet'
2026-04-28T19:41:16.001+08:00  INFO 27113 --- [http-nio-8080-exec-2] o.s.web.servlet.DispatcherServlet        : Completed initialization in 0 ms
2026-04-28T19:41:16.048+08:00  INFO 27113 --- [http-nio-8080-exec-2] com.zaxxer.hikari.HikariDataSource       : HikariPool-1 - Starting...
2026-04-28T19:41:16.161+08:00  INFO 27113 --- [http-nio-8080-exec-2] com.zaxxer.hikari.pool.HikariPool        : HikariPool-1 - Added connection com.mysql.cj.jdbc.ConnectionImpl@6c579185
2026-04-28T19:41:16.162+08:00  INFO 27113 --- [http-nio-8080-exec-2] com.zaxxer.hikari.HikariDataSource       : HikariPool-1 - Start completed.
2026-04-28T19:41:16.164+08:00  INFO 27113 --- [http-nio-8080-exec-2] c.goldnexusbackend.service.UserService   : 用户进行登录请求
2026-04-28T19:41:16.242+08:00  INFO 27113 --- [http-nio-8080-exec-2] c.goldnexusbackend.service.UserService   : 登录成功
2026-04-28T19:41:46.431+08:00  INFO 27113 --- [http-nio-8080-exec-3] c.g.filter.JwtAuthenticationFilter       : 当前请求用户--权限： USER id: 1
2026-04-28T19:42:38.082+08:00  INFO 27113 --- [http-nio-8080-exec-4] c.g.filter.JwtAuthenticationFilter       : 当前请求用户--权限： USER id: 1
2026-04-28T19:42:56.295+08:00  INFO 27113 --- [http-nio-8080-exec-5] c.g.filter.JwtAuthenticationFilter       : 当前请求用户--权限： USER id: 1
2026-04-28T19:43:35.675+08:00  INFO 27113 --- [http-nio-8080-exec-6] c.g.filter.JwtAuthenticationFilter       : 当前请求用户--权限： USER id: 1
2026-04-28T19:43:58.042+08:00  INFO 27113 --- [http-nio-8080-exec-7] c.g.filter.JwtAuthenticationFilter       : 当前请求用户--权限： USER id: 1
2026-04-28T19:44:10.282+08:00  INFO 27113 --- [http-nio-8080-exec-8] c.g.filter.JwtAuthenticationFilter       : 当前请求用户--权限： USER id: 1
2026-04-28T19:44:22.607+08:00  INFO 27113 --- [http-nio-8080-exec-9] c.g.filter.JwtAuthenticationFilter       : 当前请求用户--权限： USER id: 1
2026-04-28T19:44:28.333+08:00  INFO 27113 --- [http-nio-8080-exec-10] c.g.filter.JwtAuthenticationFilter       : 当前请求用户--权限： USER id: 1
2026-04-28T19:44:45.883+08:00  INFO 27113 --- [http-nio-8080-exec-1] c.g.filter.JwtAuthenticationFilter       : 当前请求用户--权限： USER id: 1
2026-04-28T19:45:01.845+08:00  INFO 27113 --- [http-nio-8080-exec-2] c.g.filter.JwtAuthenticationFilter       : 当前请求用户--权限： USER id: 1
2026-04-28T19:45:16.636+08:00  INFO 27113 --- [http-nio-8080-exec-3] c.g.filter.JwtAuthenticationFilter       : 当前请求用户--权限： USER id: 1
2026-04-28T19:50:17.608+08:00  INFO 27113 --- [http-nio-8080-exec-5] c.g.filter.JwtAuthenticationFilter       : 当前请求用户--权限： USER id: 1
2026-04-28T20:02:35.978+08:00  INFO 27113 --- [SpringApplicationShutdownHook] o.s.b.w.e.tomcat.GracefulShutdown        : Commencing graceful shutdown. Waiting for active requests to complete
2026-04-28T20:02:35.984+08:00  INFO 27113 --- [tomcat-shutdown] o.s.b.w.e.tomcat.GracefulShutdown        : Graceful shutdown complete
2026-04-28T20:02:35.987+08:00  INFO 27113 --- [SpringApplicationShutdownHook] com.zaxxer.hikari.HikariDataSource       : HikariPool-1 - Shutdown initiated...
2026-04-28T20:02:35.988+08:00  INFO 27113 --- [SpringApplicationShutdownHook] com.zaxxer.hikari.HikariDataSource       : HikariPool-1 - Shutdown completed.
2026-04-28T20:17:23.396+08:00  INFO 28166 --- [main] c.g.GoldNexusBackendApplication          : Starting GoldNexusBackendApplication using Java 25.0.2 with PID 28166 (/Users/surge/code/java/GoldNexusBackend/target/classes started by surge in /Users/surge/code/java/GoldNexusBackend)
2026-04-28T20:17:23.397+08:00  INFO 28166 --- [main] c.g.GoldNexusBackendApplication          : No active profile set, falling back to 1 default profile: "default"
2026-04-28T20:17:23.687+08:00  INFO 28166 --- [main] o.s.b.w.embedded.tomcat.TomcatWebServer  : Tomcat initialized with port 8080 (http)
2026-04-28T20:17:23.690+08:00  INFO 28166 --- [main] o.apache.catalina.core.StandardService   : Starting service [Tomcat]
2026-04-28T20:17:23.691+08:00  INFO 28166 --- [main] o.apache.catalina.core.StandardEngine    : Starting Servlet engine: [Apache Tomcat/10.1.50]
2026-04-28T20:17:23.700+08:00  INFO 28166 --- [main] o.a.c.c.C.[Tomcat].[localhost].[/]       : Initializing Spring embedded WebApplicationContext
2026-04-28T20:17:23.700+08:00  INFO 28166 --- [main] w.s.c.ServletWebServerApplicationContext : Root WebApplicationContext: initialization completed in 292 ms
2026-04-28T20:17:23.845+08:00  INFO 28166 --- [main] r$InitializeUserDetailsManagerConfigurer : Global AuthenticationManager configured with UserDetailsService bean with name userService
2026-04-28T20:17:23.920+08:00  INFO 28166 --- [main] o.s.b.w.embedded.tomcat.TomcatWebServer  : Tomcat started on port 8080 (http) with context path '/'
2026-04-28T20:17:23.924+08:00  INFO 28166 --- [main] c.g.GoldNexusBackendApplication          : Started GoldNexusBackendApplication in 0.69 seconds (process running for 0.859)
2026-04-28T20:18:00.268+08:00  INFO 28166 --- [http-nio-8080-exec-2] o.a.c.c.C.[Tomcat].[localhost].[/]       : Initializing Spring DispatcherServlet 'dispatcherServlet'
2026-04-28T20:18:00.269+08:00  INFO 28166 --- [http-nio-8080-exec-2] o.s.web.servlet.DispatcherServlet        : Initializing Servlet 'dispatcherServlet'
2026-04-28T20:18:00.270+08:00  INFO 28166 --- [http-nio-8080-exec-2] o.s.web.servlet.DispatcherServlet        : Completed initialization in 1 ms
2026-04-28T20:18:00.316+08:00  INFO 28166 --- [http-nio-8080-exec-2] com.zaxxer.hikari.HikariDataSource       : HikariPool-1 - Starting...
2026-04-28T20:18:00.429+08:00  INFO 28166 --- [http-nio-8080-exec-2] com.zaxxer.hikari.pool.HikariPool        : HikariPool-1 - Added connection com.mysql.cj.jdbc.ConnectionImpl@393b77c0
2026-04-28T20:18:00.429+08:00  INFO 28166 --- [http-nio-8080-exec-2] com.zaxxer.hikari.HikariDataSource       : HikariPool-1 - Start completed.
2026-04-28T20:18:00.431+08:00  INFO 28166 --- [http-nio-8080-exec-2] c.goldnexusbackend.service.UserService   : 用户进行登录请求
2026-04-28T20:18:00.512+08:00  INFO 28166 --- [http-nio-8080-exec-2] c.goldnexusbackend.service.UserService   : 登录成功
2026-04-28T20:18:45.992+08:00  INFO 28166 --- [http-nio-8080-exec-3] c.g.filter.JwtAuthenticationFilter       : 当前请求用户--权限： USER id: 1
2026-04-28T20:19:16.263+08:00  INFO 28166 --- [http-nio-8080-exec-4] c.g.filter.JwtAuthenticationFilter       : 当前请求用户--权限： USER id: 1
2026-04-28T20:20:03.327+08:00  INFO 28166 --- [http-nio-8080-exec-5] c.g.filter.JwtAuthenticationFilter       : 当前请求用户--权限： USER id: 1
2026-04-28T20:20:24.607+08:00  INFO 28166 --- [http-nio-8080-exec-6] c.g.filter.JwtAuthenticationFilter       : 当前请求用户--权限： USER id: 1
2026-04-28T20:21:28.461+08:00  INFO 28166 --- [http-nio-8080-exec-9] c.g.filter.JwtAuthenticationFilter       : 当前请求用户--权限： USER id: 1
2026-04-28T20:21:54.204+08:00  INFO 28166 --- [http-nio-8080-exec-10] c.g.filter.JwtAuthenticationFilter       : 当前请求用户--权限： USER id: 1
2026-04-28T20:22:13.891+08:00  INFO 28166 --- [http-nio-8080-exec-1] c.g.filter.JwtAuthenticationFilter       : 当前请求用户--权限： USER id: 1
2026-04-28T20:24:10.890+08:00  INFO 28166 --- [SpringApplicationShutdownHook] o.s.b.w.e.tomcat.GracefulShutdown        : Commencing graceful shutdown. Waiting for active requests to complete
2026-04-28T20:24:10.895+08:00  INFO 28166 --- [tomcat-shutdown] o.s.b.w.e.tomcat.GracefulShutdown        : Graceful shutdown complete
2026-04-28T20:24:10.898+08:00  INFO 28166 --- [SpringApplicationShutdownHook] com.zaxxer.hikari.HikariDataSource       : HikariPool-1 - Shutdown initiated...
2026-04-28T20:24:10.899+08:00  INFO 28166 --- [SpringApplicationShutdownHook] com.zaxxer.hikari.HikariDataSource       : HikariPool-1 - Shutdown completed.
